radius_mm,height_mm
0.0,42.74874000408491
0.008395794528244623,42.74874000408491
0.016791598710504473,42.74876293276296
0.02518742670333748,42.74880878906418
0.033583292661637655,42.748877570862064
0.04197921073758713,42.7489692749592
0.05037519507960946,42.7490838970883
0.058771259831324495,42.74922143191357
0.06716741913050564,42.74938187303248
0.07556368710803954,42.749565212977835
0.08396007788688907,42.74977144322013
0.09235660558105975,42.75000055417042
0.10075328429457031,42.75025253518333
0.10915012812042778,42.750527374560534
0.11754715113960738,42.75082505955451
0.125944367420038,42.751145576372615
0.13434179101559346,42.75148891018157
0.1427394359650898,42.7518550451121
0.15113731629128987,42.75224396426412
0.15953544599991443,42.75265564971201
0.1679338390786611,42.75309008251036
0.17633250949623125,42.753547242699945
0.1847314712013652,42.75402710931401
0.19313073812188622,42.75452966038489
0.2015303241637534,42.75505487295083
0.2099302432101243,42.7556027230632
0.21833050912042753,42.75617318579391
0.22673113572944514,42.75676623524316
0.23513213684640571,42.75738184454736
0.24353352625408864,42.758019985887415
0.2519353177079391,42.75868063049721
0.2603375249351949,42.75936374867235
0.26874016163402503,42.76006930977915
0.27714324147268027,42.760797282263844
0.28554677808865586,42.76154763366204
0.29395078508786765,42.76232033060838
0.30235527604384027,42.763115338846426
0.31076026449690863,42.763932623238716
0.31916576395343305,42.76477214777708
0.3275717878850277,42.76563387559311
0.33597834972780294,42.766517768968775
0.3443854628816215,42.76742378934732
0.35279314070936874,42.76835189734421
0.36120139653623756,42.76930205275832
0.3696102436490272,42.77027421458323
0.3780196952954573,42.77126834101871
0.3864297646834962,42.7722843894823
0.39484046498070396,42.77332231662104
0.4032518093135912,42.77438207832332
0.4116638107669919,42.77546362973084
0.42007648238345185,42.776566925250684
0.42848983716263267,42.77769191856751
0.43690388806073044,42.7788385626558
0.4453186479899098,42.78000680979218
0.4537341298177536,42.781196611567886
0.46215034636672786,42.782407918901235
0.470567310413662,42.7836406820502
0.47898503468924464,42.78489485062499
0.48740353187753443,42.78617037360072
0.4958228146154869,42.78746719933015
0.504242895492496,42.788785275556386
0.512663787049951,42.790124549425606
0.5210855017808093,42.791484967499926
0.5295080521291838,42.792866475770126
0.5379314504899455,42.79426901966846
0.5463557092083415,42.795692544081504
0.5547808405796275,42.79713699336289
0.5632068568487156,42.798602311346144
0.5716337702098372,42.800088441357424
0.5800615928062194,42.801595326228274
0.5884903367297775,42.80312290830834
0.5969200140208208,42.80467112947803
0.6053506366677734,42.80623993116119
0.6137822166069089,42.80782925433764
0.6222147657220993,42.80943903955579
0.630648295844578,42.81106922694506
0.639082818752716,42.81271975622833
0.6475183461718125,42.8143905667343
0.655954889773898,42.81608159740977
0.6643924611775521,42.81779278683184
0.672831071947733,42.8195240732201
0.6812707335956207,42.82127539444861
0.6897114575784729,42.82304668805792
0.6981532552994933,42.8248378912669
0.7065961381077125,42.82664894098454
0.715040117297881,42.82847977382163
0.7234852041103741,42.830330326102306
0.731931409731109,42.832200533875586
0.7403787452914738,42.834090332926685
0.7488272218682664,42.835999658788275
0.7572768504836462,42.83792844675164
0.765727642105097,42.83987663187771
0.7741796076453994,42.84184414900793
0.7826327579626137,42.843830932775084
0.7910871038600759,42.84583691761394
0.7995426560864002,42.847862037771755
0.8079994253354945,42.84990622731877
0.816457422246584,42.8519694201584
0.8249166574042449,42.85405155003744
0.8333771413384475,42.85615255055604
0.8418388845246082,42.85827235517764
0.8503018973836507,42.86041089723868
0.8587661902820768,42.86256810995822
0.8672317735320428,42.86474392644742
0.8756986573914488,42.86693827971889
0.8841668520640314,42.86915110269586
0.8926363676994679,42.87138232822128
0.9011072143934863,42.8736318890667
0.9095794021879832,42.87589971794107
0.918052941071149,42.87818574749936
0.9265278409776009,42.88048991035108
0.9350041117885223,42.882812139068626
0.9434817633318076,42.88515236619548
0.9519608053822165,42.88751052425429
0.9604412476615317,42.889886545754806
0.9689230998387245,42.892280363201664
0.977406371530125,42.894691909102015
0.9858910722995997,42.89712111597306
0.9943772116587329,42.899567916349376
1.0028647990670163,42.90203224279021
1.011353843932039,42.90451402788648
1.0198443556096872,42.907013204267756
1.028336343404347,42.909529704609106
1.0368298165691117,42.9120634616377
1.0453247843059925,42.91461440813939
1.0538212557661366,42.91718247696508
1.0623192400500465,42.919767601037
1.0708187462078051,42.92236971335483
1.0793197832393038,42.924988747001706
1.0878223600944739,42.92762463515005
1.0963264856735235,42.93027731106734
1.1048321688271758,42.9329467081217
1.1133394183569107,42.935632759787325
1.1218482430152112,42.9383353996499
1.1303586515058106,42.94105456141175
1.138870652483944,42.94379017889696
1.1473842545566026,42.94654218605638
1.15589946628279,42.9493105169724
1.1644162961737794,42.952095105863734
1.172934752693376,42.95489588708996
1.1814548442581798,42.95771279515607
1.1899765792378505,42.960545764716784
1.1984999659553748,42.96339473058086
1.2070250126873348,42.96625962771517
1.2155517276641792,42.96914039124876
1.224080119070495,42.972036956476764
1.2326101950452808,42.974949258864186
1.2411419636822218,42.977877234049615
1.2496754330299664,42.98082081784881
1.2582106110924027,42.98377994625818
1.266747505828937,42.98675455545815
1.2752861251547736,42.98974458181646
1.283826476941193,42.992749961891306
1.2923685690158346,42.99577063243447
1.300912409162978,42.99880653039423
1.3094580051238236,43.00185759291832
1.3180053645967762,43.00492375735663
1.3265544952377277,43.00800496126397
1.33510540466034,43.01110114240265
1.3436581004363284,43.014212238744975
1.352212590095746,43.017338188475684
1.3607688811272667,43.02047892999429
1.3693269809784683,43.02363440191732
1.3778868970561178,43.02680454308048
1.3864486367264535,43.02998929254077
1.3950122073154692,43.033188589578415
1.4035776161091964,43.03640237369888
1.4121448703539892,43.03963058463464
1.4207139772568027,43.04287316234698
1.4292849439854802,43.04613004702769
1.43785777766903,43.04940117910067
1.4464324853979107,43.0526864992235
1.4550090742243076,43.05598594828888
1.4635875511624146,43.059299467426065
1.4721679231887141,43.062626998002195
1.4807501972422528,43.06596848162354
1.489334380224922,43.069323860136755
1.4979204790017318,43.07269307562998
1.50650850040109,43.07607607043393
1.5150984512150742,43.07947278712292
1.523690338199708,43.0828831685158
1.5322841680752324,43.08630715767688
1.540879947526379,43.089744697916736
1.5494776832026411,43.09319573279303
1.5580773817185434,43.09666020611122
1.5666790496539098,43.10013806192521
1.5752826935541333,43.10362924453801
1.5838883199304405,43.10713369850231
1.5924959352601589,43.11065136862094
1.601105545986978,43.11418219994742
1.6097171585212169,43.11772613778631
1.61833077924008,43.12128312769363
1.6269464144879224,43.12485311547715
1.6355640705765058,43.12843604719672
1.6441837537852582,43.1320318691645
1.6528054703615296,43.13564052794513
1.6614292265208452,43.1392619703559
1.670055028447162,43.14289614346689
1.678682882293118,43.146542994601006
1.6873127941802848,43.15020247133403
1.6959447701994164,43.15387452149466
1.7045788164106965,43.15755909316438
1.713214938843985,43.1612561346775
1.721853143499065,43.16496559462098
1.730493436345882,43.1686874218343
1.7391358233247896,43.17242156540929
1.7477803103467882,43.17616797468993
1.756426903293764,43.179926599272115
1.7650756080187269,43.18369738900337
1.7737264303460458,43.18748029398256
1.782379376071682,43.19127526455957
1.7910344509634246,43.19508225133496
1.7996916607611189,43.19890120515956
1.8083510111768988,43.20273207713408
1.81701250789541,43.20657481860867
1.8256761565740436,43.21042938118248
1.8343419628431554,43.21429571670314
1.8430099323062912,43.21817377726632
1.851680070540409,43.222063515215126
1.8603523830960984,43.225964883139596
1.8690268754978006,43.229877833876124
1.8777035532440234,43.233802320506875
1.8863824218075593,43.23773829635915
1.8950634866356968,43.241685715004756
1.9037467531504357,43.24564453025942
1.912432226748695,43.249614696182014
1.9211199128025254,43.25359616707398
1.9298098166593127,43.257588897478534
1.9385019436419888,43.26159284218001
1.9471962990492324,43.265607956203105
1.9558928881556739,43.26963419481213
1.9645917162120967,43.27367151351024
1.9732927884456368,43.277719868038666
1.9819961100599817,43.28177921437594
1.9907016862355664,43.285849508737044
1.999409522129769,43.28993070757263
2.008119622877105,43.29402276756819
2.01683199358942,43.29812564564317
2.0255466393560773,43.30223929895019
2.034263565244151,43.30636368487412
2.042982776298613,43.31049876103125
2.051704277542517,43.31464448526836
2.0604280739771847,43.318800815661874
2.0691541705823893,43.32296771051691
2.077882572316536,43.327145128366425
2.086613284116845,43.33133302797024
2.095346310899526,43.33553136831414
2.1040816575599584,43.33974010860896
2.1128193289728676,43.34395920828958
2.1215593299924986,43.34818862701407
2.130301665452788,43.35242832466263
2.1390463401675373,43.35667826133672
2.147793358930581,43.36093839735803
2.1565427265159576,43.36520869326753
2.1652944476780758,43.369489109824514
2.174048527151881,43.37377960800557
2.1828049696530165,43.37808014900363
2.1915637798779932,43.38239069422697
2.2003249625043457,43.38671120529821
2.2090885221907945,43.39104164405332
2.217854463577406,43.39538197254059
2.2266227912857492,43.39973215301969
2.235393509919051,43.40409214796057
2.244166624062354,43.40846192004252
2.252942138282669,43.41284143215315
2.2617200571291245,43.41723064738732
2.2705003851331247,43.4216295290462
2.279283126808491,43.42603804063617
2.2880682866516175,43.430456145867865
2.2968558691416128,43.43488380865511
2.3056458787404517,43.43932099311392
2.314438319893113,43.44376766356145
2.32323319702773,43.44822378451501
2.332030514555727,43.452689320690986
2.340830276871965,43.45716423700386
2.3496324883548763,43.461648498565154
2.3584371533666104,43.46614207068244
2.3672442762531634,43.47064491885826
2.376053861344519,43.47515700878914
2.3848659129547825,43.47967830636454
2.393680435382314,43.48420877766586
2.4024974329098616,43.48874838896538
2.4113169098046936,43.49329710672527
2.420138870318727,43.49785489759655
2.428963318688659,43.50242172841806
2.4377902591360936,43.50699756621547
2.4466196958676676,43.51158237820022
2.455451633075179,43.51617613176854
2.4642860749357105,43.52077879450043
2.473123025611754,43.52539033415865
2.48196248925133,43.530010718687656
2.4908044699881136,43.53463991621268
2.499648971941552,43.53927789503865
2.508495999216985,43.543924623649225
2.517345555905763,43.548580070705775
2.526197646085365,43.553244205046404
2.535052273819513,43.55791699568491
2.5439094431582903,43.562598411809844
2.5527691581382523,43.567288422783484
2.561631422782543,43.57198699814086
2.5704962411010053,43.57669410758874
2.5793636170902916,43.58140972100471
2.5882335547339776,43.58613380843613
2.597106058002667,43.590866340099176
2.605981130854101,43.595607286377884
2.6148587772332705,43.600356617823174
2.623739001072517,43.60511430515187
2.6326218062916382,43.609880319245754
2.6415071967979973,43.61465463115058
2.6503951764866223,43.61943721207516
2.65928574924031,43.62422803339037
2.6681789189297285,43.629027066628204
2.677074689413518,43.633834283480866
2.68597306453839,43.638649655799796
2.6948740481392286,43.64347315559475
2.7037776440391856,43.64830475503283
2.712683856049782,43.65314442643761
2.7215926879709995,43.65799214228816
2.7305041435913826,43.66284787521814
2.7394182266881266,43.66771159801489
2.7483349410271782,43.672583283618515
2.757254290363324,43.677462905120954
2.7661762784402875,43.68235043576512
2.775100908990814,43.687245848943945
2.7840281857367692,43.69214911819949
2.792958112389223,43.697060217222074
2.8018906926485436,43.701979119849405
2.810825930204482,43.70690580006562
2.819763828736262,43.71184023200047
2.8287043919126678,43.71678238992842
2.837647623392129,43.72173224826778
2.8465935268228026,43.72668978157981
2.855542105842666,43.7316549645679
2.8644933640795935,43.736627772076694
2.873447305151444,43.741608179091216
2.8824039326661404,43.74659616073604
2.891363250221752,43.75159169227441
2.900325261406579,43.756594749107464
2.9092899697992287,43.761605306773326
2.9182573789686956,43.7666233409463
2.927227492474444,43.77164882743606
2.936200313866484,43.77668174218678
2.945175846685444,43.78172206127635
2.9541540944626594,43.78676976091556
2.9631350607202394,43.791824817447264
2.9721187489711434,43.796887207345584
2.981105162719261,43.80195690721512
2.990094305459485,43.80703389379015
2.999086180677778,43.81211814393378
3.008080791851255,43.81720963463725
3.0170781424482493,43.82230834301907
3.02607823592839,43.82741424632426
3.035081075742669,43.83252732192362
3.044086665333511,43.8376475473129
3.0530950081348474,43.84277490011203
3.0621061075721823,43.84790935806441
3.0711199670626628,43.853050899036106
3.0801365900151474,43.85819950101511
3.089155979830273,43.86335514211058
3.0981781399005213,43.86851780055211
3.1072030736102865,43.87368745468899
3.116230784335942,43.87886408298944
3.1252612754459017,43.88404766403992
3.134294550300693,43.88923817654436
3.143330612253011,43.89443559932347
3.1523694646477884,43.899639911314004
3.1614111108222587,43.904851091568034
3.1704555541060153,43.910069119252256
3.1795027978210775,43.91529397364729
3.18855284528195,43.920525634146955
3.1976056997956843,43.92576408025759
3.20666136466194,43.93100929159735
3.215719843173043,43.936261247895494
3.2247811386140453,43.94151992899175
3.2338452542627882,43.9467853148356
3.242912193389955,43.95205738548562
3.2519819592591346,43.95733612110877
3.2610545551268704,43.962621501979754
3.2701299842427303,43.967913508480386
3.279208249849353,43.97321212109887
3.2882893551825054,43.97851732042916
3.2973733034711437,43.983829087170356
3.3064600979374643,43.98914740212599
3.3155497417969584,43.994472246203394
3.324642238258469,43.99980360041311
3.3337375905242403,44.005141445868205
3.3428358017899784,44.010485763783635
3.3519368752448973,44.01583653547568
3.361040814071773,44.02119374236121
3.3701476214469985,44.02655736595719
3.3792573005406337,44.031927387879975
3.388369854516456,44.03730378984472
3.3974852865320093,44.042686553664794
3.4066035997386623,44.048075661251154
3.415724797281649,44.053471094611744
3.4248488823001226,44.058872835850906
3.4339758579272046,44.06428086716879
3.4431057272900367,44.06969517086076
3.452238493509821,44.0751157293168
3.4613741597018763,44.08054252502096
3.4705127289756805,44.085975540550734
3.4796542044349215,44.09141475857654
3.488798589177542,44.0968601618611
3.497945886295784,44.102311733258894
3.5070960988762385,44.10776945571562
3.516249229999892,44.1132333122676
3.525405282742168,44.11870328604124
3.534564260172971,44.12417936025247
3.543726165356739,44.1296615182062
3.5528910013524775,44.135149743295784
3.5620587712138128,44.14064401900247
3.5712294779890272,44.14614432889486
3.5804031247211103,44.15165065662839
3.5895797144477966,44.15716298594479
3.598759250201607,44.16268130067153
3.607941735009896,44.16820558472136
3.6171271718948907,44.17373582209174
3.626315563873731,44.17927199686433
3.6355069139585137,44.18481409320447
3.6447012251563304,44.19036209536072
3.6538985004693116,44.19591598766428
3.6630987428946633,44.201475754528545
3.6723019554247096,44.20704138044858
3.68150814104693,44.21261285000062
3.6907173027440012,44.21819014784158
3.6999294434938355,44.2237732587086
3.7091445662696163,44.229362167418486
3.71836267403984,44.23495685886729
3.7275837697683563,44.24055731802982
3.736807856414398,44.246163529959134
3.7460349369326256,44.25177547978607
3.755265014273162,44.25739315271881
3.764498091381629,44.26301653404239
3.7737341711991856,44.26864560911823
3.782973256662561,44.274280363383674
3.7922153507040965,44.279920782351546
3.8014604562517733,44.28556685160967
3.8107085762292554,44.29121855682046
3.81995971355592,44.296875883720425
3.829213871146896,44.30253881811974
3.838471051913097,44.308207345901835
3.8477312587612547,44.31388145302288
3.856994494593951,44.31956112551141
3.8662607623096616,44.325246349467896
3.8755300648027777,44.33093711106426
3.8848024049636463,44.33663339654348
3.8940777856786006,44.34233519221919
3.903356209829998,44.3480424844752
3.9126376802962435,44.35375525976511
3.9219221999518297,44.3594735046119
3.9312097716673695,44.3651972056075
3.94050039830962,44.37092634941238
3.949794082741522,44.37666092275513
3.959090827822226,44.38240091243208
3.968390636407132,44.3881463053069
3.9776935113479075,44.39389708831014
3.9869994554925308,44.39965324843892
3.9963084716853117,44.405414772756465
4.005620562766929,44.411181648391725
4.014935731574455,44.41695386253903
4.024253980941391,44.42273140245766
4.033575313697692,44.428514255471455
4.042899732669798,44.43430240896846
4.052227240680663,44.44009585040054
4.061557840549784,44.44589456728297
4.07089153509323,44.45169854719412
4.080228327123671,44.45750777777503
4.0895682194504035,44.46332224672905
4.098911214879383,44.46914194182151
4.108257316213246,44.47496685087931
4.117606526251348,44.48079696179059
4.126958847789775,44.48663226250433
4.136314283621388,44.492472741030035
4.145672836535841,44.49831838543738
4.155034509319605,44.50416918385583
4.164399304756001,44.51002512447429
4.173767225625226,44.51588619554077
4.183138274704376,44.52175238536207
4.192512454767474,44.52762368230336
4.201889768585495,44.533500074787895
4.211270218926393,44.5393815512967
4.220653808555128,44.54526810036816
4.230040540233686,44.55115971059774
4.2394304167211105,44.55705637063764
4.248823440773523,44.56295806919646
4.258219615144151,44.56886479503888
4.26761894258335,44.57477653698531
4.27702142583863,44.58069328391164
4.286427067654676,44.5866150247488
4.295835870773383,44.59254174848255
4.305247837933862,44.598473444153115
4.314662971872481,44.604410100854864
4.3240812753228814,44.61035170773602
4.333502751015999,44.61629825399835
4.34292740168009,44.62224972889683
4.352355230040756,44.62820612173937
4.361786238820965,44.63416742188646
4.371220430741074,44.64013361875095
4.380657808518853,44.64610470179768
4.390098374869503,44.65208066054321
4.399542132505688,44.65806148455552
4.408989084137546,44.6640471634537
4.4184392324727195,44.67003768690769
4.427892580216371,44.67603304463796
4.437349130071211,44.68203322641524
4.446808884737515,44.688038222060236
4.456271846913147,44.69404802144331
4.465738019293578,44.70006261448424
4.475207404571914,44.70608199115193
4.484680005438908,44.712106141464126
4.494155824582988,44.71813505548712
4.503634864690272,44.72416872333549
4.513117128444597,44.73020713517185
4.522602618527527,44.73625028120655
4.532091337618385,44.74229815169739
4.541583288394269,44.748350736949405
4.551078473530069,44.75440802731456
4.560576895698489,44.760470013191465
4.570078557570069,44.76653668502519
4.579583461813204,44.77260803330692
4.58909161109416,44.77868404857376
4.598603008077096,44.7847647214084
4.608117655424084,44.79085004243896
4.617635555795126,44.79694000233866
4.627156711848176,44.80303459182558
4.6366811262391545,44.80913380166244
4.646208801621969,44.81523762265632
4.655739740648538,44.82134604565842
4.6652739459688,44.827459061563836
4.674811420230738,44.833576661311255
4.684352166080398,44.839698835882814
4.693896186161902,44.84582557630373
4.703443483117474,44.85195687364219
4.712994059587448,44.858092719008994
4.722547918210296,44.86423310355744
4.732105061622639,44.87037801848298
4.7416654924592665,44.876527455023044
4.751229213353152,44.882681404456804
4.7607962269354775,44.88883985810492
4.770366535835636,44.89500280732934
4.779940142681267,44.90117024353305
4.789517050098259,44.90734215815987
4.799097260710775,44.91351854269421
4.808680777141264,44.91969938866086
4.81826760201048,44.92588468762475
4.827857737937498,44.932074431190756
4.837451187539731,44.93826861100346
4.847047953432948,44.94446721874694
4.856648038231283,44.950670246144554
4.866251444547259,44.956877684958734
4.875858174991805,44.963089526990764
4.885468232174265,44.96930576408058
4.895081618702415,44.975526388106516
4.904698337182485,44.981751390985174
4.914318390219169,44.98798076467113
4.92394178041564,44.99421450115678
4.93356851037357,45.000452592472165
4.943198582693144,45.00669503068467
4.95283199997307,45.0129418078989
4.962468764810602,45.019192916256465
4.972108879801546,45.02544834793575
4.981752347540286,45.031708095151764
4.991399170619791,45.03797215015592
5.001049351631631,45.04424050523581
5.010702893165991,45.05051315271507
5.020359797811693,45.056790084953114
5.030020068156199,45.063071294345036
5.039683706785634,45.06935677332132
5.049350716284793,45.075646514347696
5.059021099237164,45.081940509924976
5.068694858224937,45.088238752588836
5.078371995829019,45.09454123490964
5.0880525146290445,45.10084794949223
5.097736417203398,45.10715888897578
5.107423706129219,45.1134740460336
5.117114383982417,45.119793413372925
5.126808453337692,45.12611698373479
5.136505916768543,45.13244474989382
5.146206776847279,45.138776704658035
5.155911036145034,45.145112840868705
5.165618697231789,45.15145315140017
5.175329762676371,45.15779762915964
5.185044235046474,45.164146267087055
5.194762116908675,45.17049905815489
5.204483410828438,45.17685599536798
5.214208119370134,45.183217071763366
5.223936245097053,45.18958228041012
5.233667790571414,45.195951614409196
5.2434027583543825,45.20232506689322
5.2531411510060755,45.208702631026355
5.26288297108558,45.21508430000413
5.272628221150965,45.22147006705327
5.282376903759294,45.22785992543154
5.292129021466633,45.23425386842759
5.301884576828068,45.24065188936078
5.311643572397715,45.247053981581026
5.321406010728731,45.25346013846863
5.33117189437333,45.25987035343417
5.34094122588279,45.26628461991826
5.3507140078074675,45.272702931391464
5.360490242696811,45.279125281354126
5.370269933099365,45.28555166333617
5.380053081562796,45.29198207089704
5.38983969063389,45.29841649762547
5.399629762858573,45.30485493713934
5.409423300781916,45.31129738308556
5.4192203069481515,45.31774382913989
5.4290207839006825,45.324194269006824
5.438824734182095,45.33064869641941
5.44863216033417,45.33710710513912
5.458443064897889,45.34356948895569
5.468257450413454,45.350035841687
5.47807531942029,45.35650615717892
5.4878966744570645,45.36298042930516
5.497721518061689,45.36945865196713
5.507549852771339,45.3759408190938
5.517381681122459,45.382426924641564
5.527217005650775,45.38891696259411
5.5370558288913045,45.395410926962256
5.546898153378368,45.40190881178382
5.5567439816456,45.40841061112351
5.5665933162259575,45.41491631907273
5.5764461596517325,45.42142592974953
5.586302514454562,45.4279394372984
5.596162383165438,45.43445683589015
5.606025768314716,45.44097811972181
5.615892672432131,45.447503283016474
5.6257630980468,45.454032320023146
5.635637047687236,45.46056522501665
5.64551452388136,45.46710199229751
5.655395529156508,45.473642616191746
5.665280066039442,45.480187091050844
5.675168137056359,45.486735411251566
5.685059744732904,45.49328757119583
5.694954891594175,45.499843565310606
5.704853580164733,45.506403388047765
5.714755812968621,45.51296703388399
5.724661592529359,45.51953449732061
5.734570921369966,45.526105772883525
5.744483802012964,45.53268085512305
5.754400236980387,45.53925973861378
5.764320228793792,45.545842417954525
5.774243779974266,45.55242888776814
5.784170893042443,45.55901914270143
5.7941015705185,45.565613177425014
5.80403581492218,45.57221098663324
5.813973628772791,45.57881256504403
5.823915014589225,45.585417907398806
5.833859974889956,45.59202700846233
5.843808512193054,45.598639863022605
5.8537606290161985,45.60525646589079
5.8637163278766815,45.61187681190105
5.873675611291418,45.618500895910444
5.883638481776951,45.625128712798826
5.893604941849471,45.63176025746876
5.90357499402482,45.638395524845365
5.9135486408184885,45.64503450987622
5.923525884745644,45.651677207531264
5.933506728321125,45.65832361280268
5.943491174059453,45.66497372070478
5.953479224474848,45.671627526273916
5.963470882081227,45.67828502456835
5.973466149392216,45.68494621066819
5.983465028921167,45.691611079675205
5.99346752318115,45.69827962671282
6.003473634684974,45.70495184692594
6.013483365945192,45.71162773548085
6.023496719474106,45.718307287565175
6.033513697783781,45.7249904983877
6.043534303386047,45.73167736317831
6.053558538792515,45.73836787718789
6.063586406514579,45.745062035688214
6.0736179090634215,45.75175983397183
6.083653048950025,45.758461267351976
6.093691828685188,45.765166331162504
6.103734250779517,45.77187502075775
6.1137803177434495,45.77858733151244
6.12383003208725,45.78530325882161
6.133883396321027,45.79202279810048
6.143940412954733,45.7987459447844
6.154001084498179,45.80547269432872
6.1640654134610395,45.81220304220871
6.174133402352857,45.81893698391945
6.184205053683052,45.82567451497576
6.194280369960933,45.83241563091209
6.204359353695709,45.83916032728245
6.214442007396478,45.84590859966027
6.224528333572252,45.85266044363836
6.234618334731963,45.859415854828804
6.244712013384461,45.866174828862846
6.254809372038531,45.872937361390825
6.264910413202893,45.879703448082076
6.2750151393862135,45.886473084624846
6.285123553097115,45.8932462667262
6.295235656844179,45.90002299011196
6.305351453135952,45.90680325052654
6.315470944480957,45.91358704373298
6.3255941333877,45.92037436551274
6.335721022364673,45.927165211665695
6.3458516139203685,45.93395957801
6.355985910563274,45.94075746038204
6.366123914801897,45.94755885463632
6.376265629144755,45.95436375664541
6.3864110561003935,45.96117216229984
6.3965601981773865,45.967984067508006
6.406713057884347,45.974799468196125
6.416869637729932,45.98161836030812
6.427029940222851,45.98844073980553
6.43719396787187,45.995266602667485
6.447361723185826,46.00209594489058
6.457533208673621,46.00892876248878
6.467708426844238,46.01576505149339
6.477887380206748,46.02260480795293
6.488070071270304,46.02944802793307
6.498256502544173,46.0362947075166
6.508446676537715,46.043144842803265
6.518640595760409,46.04999842990975
6.528838262721846,46.05685546496957
6.539039679931746,46.06371594413303
6.549244849899958,46.07057986356711
6.559453775136473,46.077447219455436
6.569666458151418,46.08431800799813
6.579882901455079,46.091192225411795
6.5901031075578915,46.098069867929446
6.600327078970462,46.104950931800396
6.61055481820356,46.111835413290216
6.620786327768135,46.118723308680636
6.631021610175316,46.12561461426949
6.641260667936419,46.13250932637062
6.651503503562959,46.13940744131384
6.661750119566646,46.14630895544486
6.672000518459406,46.153213865125174
6.682254702753369,46.16012216673202
6.692512674960883,46.167033856658314
6.70277443759453,46.17394893131256
6.713039993167117,46.1808673871188
6.723309344191688,46.18778922051654
6.733582493181533,46.19471442796067
6.743859442650187,46.2016430059214
6.7541401951114475,46.20857495088422
6.764424753079367,46.21551025934978
6.774713119068264,46.222448927833845
6.785005295592734,46.22939095286726
6.795301285167647,46.23633633099584
6.805601090308162,46.24328505878032
6.815904713529723,46.2502371327963
6.826212157348075,46.257192549634155
6.836523424279264,46.264151305899
6.846838516839641,46.27111339821059
6.85715743754587,46.27807882320328
6.8674801889149375,46.28504757752598
6.877806773464153,46.29201965784203
6.888137193711154,46.298995060829206
6.898471452173915,46.30597378317959
6.908809551370753,46.31295582159956
6.919151493820334,46.31994117280972
6.929497282041672,46.32692983354481
6.93984691855414,46.333921800553675
6.950200405877477,46.340917070599176
6.960557746531789,46.34791564045816
6.970918943037559,46.354917506921375
6.981283997915644,46.361922666793404
6.991652913687297,46.36893111689265
7.0020256928741516,46.37594285405122
7.012402337998242,46.38295787511488
7.022782851582003,46.38997617694306
7.033167236148279,46.39699775640868
7.04355549422032,46.40402261039817
7.0539476283218026,46.411050735811436
7.0643436409768166,46.41808212956171
7.074743534709888,46.425116788575565
7.085147312045971,46.43215470979284
7.09555497551046,46.43919589016658
7.105966527629192,46.446240326662966
7.1163819709284555,46.4532880162613
7.126801307934991,46.460338955953894
7.1372245411759945,46.46739314274605
7.147651673179134,46.474450573656014
7.158082706472544,46.481511245714884
7.1685176435848295,46.48857515596658
7.1789564870450775,46.495642301467775
7.189399239382862,46.502712679287875
7.199845903128241,46.50978628650892
7.210296480811775,46.516863120225565
7.220750974964514,46.523943177545
7.231209388118023,46.53102645558692
7.2416717228043685,46.538112951483456
7.252137981556138,46.54520266237914
7.262608166906432,46.55229558543082
7.273082281388876,46.55939171780765
7.283560327537631,46.566491056691014
7.294042307887383,46.57359359927447
7.304528224973364,46.5806993427637
7.315018081331346,46.58780828437651
7.325511879497651,46.59492042134269
7.336009622009153,46.60203575090403
7.346511311403286,46.60915427031425
7.357016950218041,46.61627597683895
7.367526540991986,46.62340086775556
7.378040086264251,46.63052894035329
7.388557588574555,46.637660191933094
7.399079050463186,46.6447946198076
7.409604474471027,46.65193222130107
7.420133863139547,46.65907299374936
7.430667219010813,46.666216934499865
7.441204544627493,46.67336404091148
7.451745842532859,46.68051431035454
7.462291115270792,46.68766774021076
7.472840365385787,46.694824327873235
7.483393595422955,46.701984070746335
7.493950807928038,46.70914696624571
7.504512005447396,46.71631301179823
7.515077190528031,46.7234822048419
7.525646365717575,46.73065454282587
7.536219533564298,46.73783002321034
7.546796696617129,46.74500864346658
7.557377857425633,46.75219040107682
7.5679630185400395,46.75937529353421
7.57855218251123,46.76656331834283
7.589145351890753,46.7737544730176
7.599742529230825,46.78094875508423
7.6103437170843335,46.788146162079215
7.620948918004842,46.79534669154975
7.631558134546598,46.80255034105374
7.642171369264534,46.80975710815968
7.652788624714265,46.81696699044667
7.66340990345211,46.82417998550439
7.674035208035083,46.83139609093298
7.684664541020895,46.83861530434306
7.695297904967975,46.845837623355685
7.705935302435449,46.853063045602255
7.716576735983169,46.860291568724534
7.727222208171703,46.86752319037458
7.737871721562344,46.87475790821468
7.748525278717112,46.881995719917384
7.759182882198759,46.889236623165374
7.769844534570775,46.89648061565147
7.780510238397387,46.903727695078594
7.791179996243573,46.91097785915972
7.801853810675054,46.91823110561783
7.812531684258305,46.925487432185854
7.823213619560559,46.9327468366067
7.833899619149811,46.94000931663314
7.844589685594823,46.947274870027805
7.855283821465122,46.95454349456314
7.8659820293310085,46.96181518802137
7.876684311763567,46.969089948194465
7.887390671334658,46.976367772884075
7.898101110616928,46.983648659901526
7.908815632183813,46.99093260706776
7.919534238609547,46.998219612213326
7.930256932469157,47.00550967317829
7.940983716338471,47.012802787812234
7.951714592794126,47.02009895397423
7.962449564413569,47.027398169532766
7.973188633775057,47.03470043236577
7.983931803457668,47.04200574036048
7.9946790760412965,47.049314091413486
8.00543045410667,47.05662548343067
8.016185940235337,47.06393991432717
8.026945537009682,47.07125738202733
8.037709247012932,47.078577884464686
8.048477072829147,47.085901419581916
8.059249017043234,47.0932279853308
8.070025082240951,47.10055757967222
8.080805271008908,47.10789020057609
8.09158958593457,47.1152258460213
8.102378029606259,47.12256451399577
8.113170604613165,47.129906202496294
8.123967313545348,47.13725090952862
8.134768158993738,47.144598633107336
8.145573143550134,47.151949371255874
8.15638226980722,47.15930312200646
8.167195540358565,47.16665988340011
8.178012957798614,47.17401965348654
8.188834524722715,47.18138243032419
8.199660243727102,47.18874821198016
8.210490117408911,47.196116996530186
8.221324148366177,47.203488782058606
8.232162339197838,47.21086356665832
8.243004692503744,47.218241348430766
8.253851210884658,47.22562212548589
8.264701896942258,47.23300589594212
8.27555675327914,47.24039265792631
8.286415782498826,47.247782409573716
8.297278987205765,47.25517514902798
8.308146370005334,47.26257087444109
8.319017933503849,47.26996958397336
8.329893680308562,47.27737127579335
8.340773613027661,47.2847759480779
8.351657734270288,47.29218359901207
8.362546046646527,47.29959422678908
8.37343855276742,47.30700782961035
8.384335255244961,47.3144244056854
8.395236156692103,47.321843953231856
8.406141259722766,47.32926647047541
8.417050566951831,47.33669195564979
8.427964080995151,47.34412040699674
8.438881804469554,47.351551822765956
8.449803739992847,47.358986201215124
8.460729890183813,47.366423540609816
8.471660257662224,47.37386383922351
8.48259484504883,47.381307095337526
8.493533654965386,47.38875330724104
8.504476690034632,47.396202473231014
8.515423952880306,47.40365459161219
8.526375446127153,47.411109660697036
8.537331172400915,47.418567678805765
8.548291134328352,47.42602864426626
8.559255334537227,47.43349255541407
8.570223775656322,47.44095941059237
8.581196460315438,47.44842920815194
8.592173391145398,47.45590194645116
8.603154570778049,47.46337762385592
8.614140001846266,47.47085623873966
8.625129686983959,47.478337789483284
8.636123628826073,47.48582227447519
8.647121830008592,47.49330969211121
8.658124293168536,47.50080004079457
8.669131020943981,47.50829331893592
8.680142015974045,47.51578952495321
8.691157280898896,47.52328865727176
8.702176818359767,47.530790714324205
8.713200630998944,47.53829569455044
8.724228721459777,47.54580359639762
8.735261092386677,47.5533144183201
8.74629774642513,47.56082815877947
8.757338686221686,47.56834481624448
8.768383914423982,47.57586438919104
8.779433433680722,47.58338687610216
8.790487246641701,47.59091227546797
8.801545355957796,47.59844058578566
8.812607764280969,47.60597180555946
8.82367447426428,47.61350593330066
8.834745488561879,47.6210429675275
8.845820809829018,47.628582906765224
8.856900440722047,47.636125749546
8.86798438389842,47.643671494408935
8.879072642016707,47.651220139900026
8.890165217736579,47.65877168457215
8.901262113718824,47.66632612698502
8.912363332625352,47.67388346570519
8.92346887711919,47.681443699305994
8.934578749864487,47.689006826367574
8.945692953526523,47.6965728454768
8.95681149077171,47.70414175522728
8.967934364267583,47.71171355421932
8.979061576682827,47.71928824105993
8.990193130687258,47.72686581436274
9.001329028951837,47.73444627274805
9.012469274148671,47.742029614842764
9.023613868951017,47.749615839280374
9.03476281603328,47.757204944700916
9.045916118071027,47.764796929751
9.05707377774098,47.77239179308374
9.068235797721021,47.779989533358766
9.0794021806902,47.78759014924215
9.090572929328733,47.79519363940645
9.101748046318008,47.80280000253063
9.11292753434058,47.81040923730007
9.124111396080194,47.81802134240655
9.135299634221765,47.82563631654819
9.146492251451393,47.83325415842947
9.157689250456368,47.840874866761176
9.168890633925166,47.84849844026041
9.180096404547456,47.85612487765054
9.191306565014099,47.863754177661164
9.20252111801716,47.87138633902816
9.213740066249905,47.8790213604936
9.224963412406801,47.886659240805734
9.236191159183521,47.89429997871899
9.247423309276957,47.90194357299396
9.258659865385209,47.90959002239734
9.269900830207588,47.91723932570194
9.281146206444635,47.924891481686664
9.292395996798104,47.93254648913647
9.30365020397098,47.940204346842364
9.31490883066748,47.9478650536014
9.326171879593048,47.95552860821661
9.337439353454355,47.96319500949699
9.348711254959325,47.97086425625756
9.359987586817109,47.97853634731924
9.371268351738111,47.986211281508886
9.382553552433976,47.993889057659246
9.393843191617597,48.00156967460896
9.405137272003122,48.00925313120253
9.416435796305956,48.01693942629031
9.427738767242754,48.02462855872846
9.439046187531442,48.03232052737897
9.450358059891204,48.04001533110961
9.461674387042489,48.04771296879389
9.472995171707028,48.05541343931111
9.48432041660781,48.063116741546274
9.495650124469107,48.07082287439009
9.506984298016466,48.07853183673897
9.518322939976716,48.08624362749497
9.529666053077975,48.09395824556585
9.541013640049645,48.10167568986497
9.552365703622412,48.109395959311286
9.563722246528268,48.1171190528294
9.575083271500489,48.12484496934945
9.586448781273653,48.13257370780715
9.597818778583642,48.14030526714375
9.609193266167644,48.14803964630606
9.620572246764146,48.15577684424633
9.631955723112949,48.16351685992234
9.643343697955178,48.171259692297355
9.654736174033255,48.179005340340034
9.666133154090934,48.18675380302454
9.677534640873288,48.1945050793304
9.68894063712671,48.20225916824255
9.700351145598919,48.21001606875131
9.711766169038976,48.217775779852374
9.723185710197255,48.225538300546766
9.73460977182549,48.23330362984086
9.746038356676731,48.241071766746316
9.757471467505384,48.24884271028011
9.768909107067193,48.256616459464475
9.78035127811925,48.26439301332693
9.791797983419992,48.27217237090019
9.803249225729218,48.27995453122227
9.81470500780807,48.287739493336325
9.826165332419064,48.29552725629073
9.837630202326059,48.30331781913904
9.849099620294291,48.311111180939974
9.86057358909036,48.318907340757384
9.872052111482226,48.32670629766025
9.88353519023923,48.334508050722654
9.895022828132086,48.34231259902379
9.906515027932885,48.350119941647925
9.918011792415099,48.357930077684394
9.929513124353582,48.365743006227554
9.941019026524568,48.373558726376814
9.952529501705689,48.38137723723658
9.964044552675961,48.38919853791626
9.975564182215797,48.397022627530255
9.987088393107008,48.40484950519794
9.998617188132801,48.41267917004361
10.010150570077789,48.42051162119652
10.021688541727986,48.428346857790835
10.033231105870815,48.43618487896564
10.044778265295111,48.444025683864886
10.056330022791117,48.451869271637406
10.067886381150496,48.45971564143689
10.079447343166326,48.467564792421875
10.091012911633113,48.47541672375574
10.102583089346782,48.48327143460666
10.114157879104681,48.491128924147596
10.125737283705591,48.49898919155631
10.137321305949728,48.50685223601535
10.148909948638737,48.51471805671199
10.160503214575703,48.52258665283825
10.17210110656515,48.53045802359086
10.183703627413044,48.538332168171294
10.1953107799268,48.54620908578569
10.206922566915273,48.55408877564488
10.218538991188778,48.56197123696436
10.230160055559077,48.56985646896429
10.241785762839392,48.57774447086945
10.253416115844402,48.58563524190926
10.265051117390247,48.59352878131773
10.276690770294529,48.60142508833348
10.28833507737632,48.609324162199705
10.299984041456161,48.61722600216417
10.311637665356058,48.62513060747918
10.323295951899503,48.633037977401614
10.334958903911458,48.64094811119285
10.346626524218363,48.64886100811877
10.358298815648148,48.65677666744978
10.369975781030226,48.664695088460775
10.381657423195493,48.67261627043109
10.393343744976336,48.68054021264453
10.405034749206642,48.68846691438936
10.416730438721785,48.696396374958255
10.428430816358638,48.70432859364831
10.440135884955584,48.71226356976104
10.451845647352497,48.72020130260234
10.463560106390768,48.72814179148248
10.475279264913288,48.73608503571611
10.487003125764469,48.744031034622225
10.498731691790228,48.75197978752415
10.510464965838002,48.759931293749545
10.522202950756748,48.767885552630396
10.533945649396946,48.77584256350296
10.545693064610594,48.7838023257078
10.557445199251225,48.791764838589756
10.569202056173891,48.79973010149791
10.580963638235186,48.807698113785605
10.592729948293236,48.81566887481044
10.604500989207704,48.82364238393423
10.616276763839792,48.83161864052298
10.628057275052246,48.839597643946924
10.639842525709355,48.84757939358046
10.651632518676957,48.85556388880218
10.663427256822441,48.863551128994835
10.675226743014745,48.871541113545305
10.687030980124367,48.87953384184465
10.69883997102336,48.88752931328801
10.71065371858534,48.89552752727469
10.722472225685483,48.90352848320805
10.734295495200534,48.91153218049558
10.7461235300088,48.919538618548806
10.757956332990167,48.927547796783365
10.769793907026088,48.93555971461893
10.781636254999594,48.943574371479215
10.793483379795296,48.95159176679197
10.805335284299384,48.959611899988964
10.81719197139963,48.967634770505974
10.829053443985396,48.97566037778278
10.84091970494763,48.98368872126315
10.852790757178877,48.99171980039482
10.86466660357326,48.999753614629476
10.876547247026513,49.00779016342277
10.888432690435968,49.01582944623431
10.900322936700553,49.02387146252761
10.912217988720798,49.0319162117701
10.924117849398844,49.03996369343313
10.936022521638439,49.04801390699194
10.947932008344948,49.05606685192567
10.959846312425338,49.064122527717295
10.971765436788202,49.072180933853694
10.983689384343753,49.080242069825594
10.99561815800382,49.08830593512753
11.007551760681855,49.09637252925789
11.019490195292944,49.10444185171889
11.031433464753796,49.11251390201654
11.043381571982751,49.12058867966064
11.05533451989979,49.128666184164814
11.067292311426518,49.13674641504641
11.079254949486195,49.14482937182658
11.091222437003713,49.15291505403024
11.103194776905609,49.16100346118601
11.115171972120068,49.16909459282629
11.127154025576923,49.17718844848717
11.13914094020766,49.185285027708474
11.15113271894542,49.193384330033716
11.163129364724997,49.201486355010104
11.175130880482845,49.20959110218855
11.187137269157088,49.21769857112362
11.1991485336875,49.22580876137355
11.211164677015534,49.23392167250022
11.223185702084303,49.24203730406917
11.235211611838597,49.25015565564956
11.247242409224878,49.25827672681416
11.259278097191288,49.26640051713939
11.271318678687642,49.27452702620524
11.283364156665446,49.28265625359531
11.295414534077878,49.290788198896784
11.307469813879813,49.29892286170041
11.319529999027809,49.30706024160051
11.33159509248012,49.31520033819495
11.343665097196686,49.32334315108515
11.355740016139155,49.33148867987606
11.367819852270866,49.33963692417617
11.379904608556863,49.347787883597455
11.391994287963891,49.35594155775543
11.404088893460402,49.364097946269084
11.416188428016556,49.37225704876089
11.42829289460423,49.38041886485684
11.440402296197007,49.38858339418635
11.452516635770193,49.39675063638231
11.46463591630081,49.40492059108108
11.476760140767603,49.413093257922434
11.488889312151034,49.42126863654959
11.501023433433302,49.42944672660919
11.513162507598324,49.437627527751296
11.525306537631756,49.44581103962936
11.537455526520983,49.45399726190024
11.549609477255128,49.462186194224174
11.561768392825053,49.47037783626479
11.573932276223358,49.47857218768907
11.58610113044439,49.48676924816736
11.59827495848424,49.49496901737337
11.610453763340745,49.503171494984144
11.622637548013495,49.511376680680044
11.63482631550384,49.5195845741448
11.647020068814877,49.527795175065414
11.659218810951462,49.536008483132214
11.67142254492021,49.54422449803882
11.68363127372951,49.552443219482164
11.695845000389504,49.56066464716243
11.708063727912105,49.5688887807831
11.720287459311002,49.577115620050904
11.732516197601655,49.58534516467584
11.74474994580129,49.59357741437114
11.756988706928924,49.601812368853295
11.769232484005347,49.61005002784201
11.781481280053132,49.61829039106022
11.79373509809664,49.62653345823408
11.805993941162013,49.634779229092935
11.818257812277196,49.643027703369356
11.83052671447191,49.65127888079907
11.842800650777685,49.65953276112101
11.855079624227837,49.66778934407727
11.867363637857492,49.67604862941313
11.879652694703571,49.684310616877006
11.891946797804803,49.69257530622047
11.904245950201725,49.70084269719824
11.91655015493668,49.70911278956816
11.928859415053823,49.7173855830912
11.941173733599125,49.725661077531456
11.953493113620377,49.73393927265612
11.965817558167185,49.74222016823551
11.978147070290973,49.75050376404301
11.990481653045,49.758790059855116
12.002821309484347,49.76707905545138
12.015166042665918,49.77537075061445
12.027515855648454,49.78366514513
12.03987075149253,49.7919622387868
12.052230733260558,49.800262031376654
12.064595804016786,49.808564522694404
12.076965966827307,49.81686971253792
12.08934122476005,49.8251776007081
12.1017215808848,49.83348818700887
12.11410703827318,49.841801471247145
12.126497599998675,49.85011745323286
12.138893269136616,49.858436132778955
12.151294048764193,49.866757509701344
12.163699941960452,49.87508158381892
12.176110951806303,49.88340835495356
12.188527081384512,49.89173782293008
12.200948333779719,49.900069987576295
12.213374712078426,49.908404848722945
12.225806219369007,49.916742406203724
12.238242858741714,49.92508265985526
12.250684633288666,49.933425609517116
12.263131546103859,49.94177125503176
12.275583600283179,49.95011959624461
12.288040798924388,49.95847063300398
12.300503145127138,49.96682436516107
12.31297064199296,49.97518079256998
12.325443292625277,49.983539915087704
12.337921100129407,49.99190173257412
12.35040406761256,50.00026624489197
12.362892198183852,50.00863345190689
12.375385494954283,50.017003353487326
12.387883961036767,50.02537594950463
12.400387599546121,50.03375123983297
12.412896413599064,50.04212922434936
12.425410406314226,50.050509902933655
12.43792958081215,50.058893275468535
12.450453940215294,50.06727934183948
12.462983487648025,50.07566810193481
12.47551822623664,50.08405955564563
12.48805815910935,50.09245370286587
12.500603289396292,50.10085054349222
12.51315362022953,50.10925007742419
12.525709154743055,50.11765230456405
12.538269896072787,50.12605722481684
12.550835847356584,50.13446483809039
12.563407011734236,50.14287514429525
12.575983392347474,50.151288143344765
12.588564992339972,50.159703835155014
12.601151814857339,50.168122219644815
12.613743863047137,50.17654329673571
12.62634114005887,50.18496706635198
12.638943649043998,50.19339352842064
12.651551393155938,50.20182268287142
12.664164375550042,50.21025452963672
12.67678259938365,50.218689068651706
12.689406067816034,50.227126299854184
12.702034784008445,50.23556622318467
12.714668751124092,50.24400883858638
12.727307972328152,50.25245414600519
12.73995245078778,50.26090214538967
12.752602189672087,50.269352836691034
12.765257192152179,50.277806219863166
12.77791746140112,50.28626229486261
12.790583000593967,50.29472106164853
12.80325381290775,50.303182520182766
12.815929901521486,50.311646670429774
12.82861126961618,50.320113512356656
12.841297920374831,50.32858304593312
12.85398985698242,50.33705527113152
12.86668708262593,50.34553018792679
12.879389600494335,50.35400779629649
12.892097413778616,50.36248809622079
12.90481052567174,50.37097108768241
12.91752893936869,50.379456770666714
12.93025265806646,50.38794514516161
12.94298168496403,50.3964362111576
12.955716023262422,50.404929968647764
12.968455676164643,50.41342641762773
12.981200646875742,50.42192555809572
12.99395093860276,50.430427390052465
13.006706554554775,50.43893191350127
13.01946749794289,50.44743912844798
13.032233771980213,50.45594903490097
13.045005379881916,50.464461632871185
13.057782324865165,50.47297692237204
13.070564610149187,50.48149490341952
13.083352238955223,50.49001557603209
13.096145214506562,50.49853894023074
13.108943540028534,50.50706499603896
13.121747218748512,50.51559374348276
13.134556253895909,50.524125182590616
13.147370648702188,50.53265931339351
13.160190406400865,50.54119613592489
13.1730155302275,50.549735650220704
13.185846023419721,50.55827785631934
13.198681889217191,50.566822754261686
13.211523130861664,50.57537034409109
13.224369751596933,50.583920625853324
13.237221754668857,50.59247359959664
13.250079143325378,50.601029265371736
13.262941920816486,50.60958762323173
13.275810090394259,50.6181486732322
13.288683655312836,50.62671241543112
13.301562618828445,50.635278849888934
13.31444698419939,50.64384797666847
13.32733675468605,50.652419795834966
13.340231933550898,50.660994307456114
13.35313252405848,50.66957151160197
13.366038529475453,50.678151408345016
13.378949953070538,50.68673399776009
13.39186679811457,50.69531927992447
13.404789067880474,50.70390725491777
13.417716765643268,50.71249792282202
13.430649894680084,50.7210912837216
13.44358845827014,50.72968733770327
13.456532459694781,50.73828608485616
13.469481902237444,50.74688752527176
13.482436789183682,50.755491659043884
13.495397123821157,50.76409848626873
13.50836290943966,50.77270800704484
13.52133414933109,50.78132022147308
13.534310846789463,50.78993512965666
13.547293005110935,50.79855273170112
13.56028062759376,50.80717302771431
13.573273717538349,50.81579601780643
13.586272278247227,50.82442170208998
13.599276313025053,50.833050080679755
13.61228582517863,50.84168115369289
13.625300818016882,50.85031492124879
13.638321294850893,50.85895138346919
13.651347258993878,50.86759054047809
13.664378713761206,50.876232392401796
13.677415662470375,50.88487693936888
13.690458108441058,50.893524181510216
13.703506054995069,50.90217411895893
13.716559505456358,50.910826751850415
13.729618463151075,50.91948208032236
13.742682931407487,50.92814010451467
13.755752913556057,50.93680082456955
13.76882841292938,50.94546424063142
13.781909432862252,50.95413035284699
13.794995976691624,50.96279916136517
13.80808804775661,50.971470666337126
13.821185649398512,50.98014486791625
13.8342887849608,50.98882176625818
13.847397457789135,50.99750136152077
13.860511671231345,51.00618365386407
13.873631428637458,51.01486864345039
13.886756733359679,51.02355633044423
13.899887588752398,51.03224671501228
13.913023998172221,51.04093979732347
13.926165964977912,51.04963557754888
13.939313492530466,51.058334055861835
13.952466584193056,51.067035232437824
13.965625243331068,51.07573910745454
13.978789473312085,51.08444568109183
13.991959277505904,51.09315495353174
14.00513465928453,51.10186692495847
14.018315622022163,51.11058159555841
14.031502169095244,51.1192989655201
14.044694303882414,51.12801903503425
14.057892029764542,51.13674180429372
14.071095350124704,51.14546727349353
14.084304268348212,51.15419544283083
14.097518787822615,51.16292631250496
14.110738911937668,51.17165988271733
14.123964644085373,51.180396153671545
14.137195987659952,51.18913512557331
14.15043294605789,51.19787679863049
14.163675522677877,51.20662117305302
14.176923720920875,51.21536824905303
14.190177544190067,51.22411802684468
14.203436995890895,51.2328705066443
14.216702079431057,51.24162568867034
14.229972798220482,51.25038357314331
14.243249155671366,51.259144160285835
14.256531155198159,51.26790745032264
14.26981880021758,51.276673443480554
14.283112094148583,51.28544213998846
14.296411040412416,51.29421354007737
14.309715642432575,51.302987643980345
14.323025903634827,51.311764451932525
14.336341827447223,51.320543964171144
14.349663417300066,51.329326180935475
14.362990676625964,51.3381111024669
14.376323608859773,51.346898729008814
14.389662217438655,51.355689060806704
14.403006505802049,51.3644820981081
14.416356477391668,51.37327784116257
14.429712135651533,51.382076290221754
14.443073484027945,51.390877445539324
14.456440525969505,51.39968130737098
14.4698132649271,51.408487875974465
14.48319170435393,51.41729715160956
14.496575847705481,51.426109134538066
14.509965698439563,51.43492382502382
14.52336126001628,51.44374122333267
14.53676253589804,51.45256132973248
14.550169529549574,51.46138414449314
14.563582244437919,51.47020966788653
14.577000684032443,51.47903790018656
14.590424851804805,51.487868841669126
14.603854751229019,51.496702492612144
14.6172903857814,51.50553885329549
14.630731758940598,51.51437792400107
14.644178874187597,51.52321970501276
14.657631735005694,51.53206419661641
14.671090344880545,51.54091139909989
14.684554707300126,51.549761312753006
14.698024825754757,51.55861393786756
14.711500703737109,51.567469274737334
14.724982344742171,51.57632732365805
14.738469752267322,51.585188084927445
14.75196292981225,51.59405155884516
14.765461880879013,51.60291774571282
14.778966608972022,51.611786645834016
14.792477117598049,51.62065825951428
14.805993410266215,51.62953258706108
14.81951549048801,51.63840962878384
14.833043361777296,51.647289384993925
14.846577027650284,51.65617185600464
14.860116491625572,51.66505704213122
14.873661757224118,51.67394494369082
14.887212827969272,51.682835561002555
14.90076970738674,51.69172889438745
14.914332399004618,51.700624944168425
14.927900906353395,51.70952371067036
14.941475232965926,51.71842519422002
14.955055382377468,51.7273293951461
14.968641358125655,51.73623631377918
14.982233163750534,51.745145950451786
14.995830802794531,51.75405830549832
15.009434278802473,51.76297337925508
15.023043595321594,51.771891172060265
15.036658755901513,51.780811684253955
15.050279764094286,51.789734916178155
15.063906623454344,51.79866086817672
15.077539337538552,51.8075895405954
15.091177909906172,51.81652093378183
15.104822344118901,51.82545504808553
15.118472643740834,51.83439188385787
15.1321288123385,51.84333144145211
15.145790853480856,51.85227372122339
15.159458770739265,51.86121872352868
15.17313256768754,51.870166448726835
15.18681224790191,51.87911689717857
15.200497814961054,51.88807006924644
15.214189272446067,51.89702596529487
15.2278866239405,51.90598458569014
15.241589873030348,51.914945930800364
15.25529902330403,51.92391000099549
15.269014078352432,51.93287679664733
15.282735041768877,51.941846318129514
15.296461917149152,51.95081856581753
15.310194708091478,51.95979354008867
15.32393341819656,51.96877124132209
15.337678051067549,51.97775166989874
15.351428610310046,51.9867348262014
15.365185099532143,51.99572071061469
15.378947522344383,52.004709323525056
15.392715882359788,52.01370066532072
15.406490183193835,52.02269473639173
15.420270428464502,52.03169153712995
15.43405662179223,52.04069106792907
15.447848766799936,52.04969332918455
15.461646867113041,52.058698321293676
15.475450926359425,52.06770604465551
15.489260948169479,52.07671649967092
15.503076936176067,52.085729686742575
15.516898894014561,52.09474560627492
15.530726825322827,52.10376425867421
15.544560733741223,52.112785644348456
15.558400622912616,52.121809763707475
15.572246496482371,52.13083661716284
15.586098358098363,52.13986620512791
15.599956211410975,52.14889852801783
15.613820060073106,52.157933586249506
15.627689907740164,52.16697138024161
15.641565758070081,52.17601191041458
15.65544761472331,52.18505517719063
15.66933548136281,52.19410118099371
15.683229361654087,52.20314992224956
15.69712925926516,52.21220140138564
15.711035177866588,52.22125561883118
15.724947121131454,52.230312575017166
15.738865092735391,52.239372270376336
15.752789096356548,52.248434705343136
15.766719135675636,52.257499880353805
15.780655214375907,52.266567795846285
15.794597336143145,52.27563845226027
15.808545504665693,52.28471185003716
15.82249972363445,52.29378798962016
15.83645999674287,52.30286687145412
15.850426327686947,52.311948495985675
15.864398720165251,52.321032863663156
15.87837717787891,52.33011997493661
15.892361704531616,52.33920983025783
15.906352303829632,52.34830243008032
15.920348979481789,52.35739777485929
15.93435173519949,52.36649586505165
15.948360574696704,52.37559670111603
15.962375501690007,52.3847002835128
15.97639651989852,52.393806612703976
15.99042363304398,52.40291568915333
16.00445684485069,52.412027513326294
16.01849615904554,52.42114208569001
16.032541579358032,52.43025940671333
16.046593109520245,52.43937947686679
16.060650753266863,52.44850229662262
16.074714514335156,52.45762786645471
16.08878439646502,52.46675618683868
16.10286040339894,52.475887258251795
16.116942538882,52.485021081173024
16.131030806661926,52.49415765608302
16.14512521048902,52.503296983464075
16.159225754116232,52.512439063800194
16.173332441299106,52.521583897577045
16.18744527579582,52.530731485281954
16.201564261367178,52.539881827403924
16.215689401776604,52.549034924433634
16.22982070079016,52.558190776863405
16.243958162176522,52.567349385187214
16.258101789707016,52.576510749900706
16.2722515871556,52.58567487150118
16.28640755829888,52.59484175048762
16.300569706916104,52.604011387360615
16.314738036789148,52.613183782622414
16.328912551702558,52.62235893677694
16.34309325544352,52.63153685032973
16.357280151801884,52.64071752378799
16.371473244570133,52.649900957660535
16.38567253754344,52.659087152457836
16.399878034519613,52.66827610869201
16.414089739299143,52.677467826876786
16.428307655685188,52.68666230752755
16.442531787483556,52.695859551161284
16.45676213850276,52.70505955829664
16.470998712553957,52.71426232945387
16.485241513451008,52.72346786515483
16.499490545010435,52.73267616592305
16.513745811051454,52.74188723228363
16.528007315395968,52.75110106476331
16.54227506186857,52.76031766389045
16.55654905429654,52.769537030195
16.570829296509853,52.778759164208545
16.585115792341192,52.78798406646426
16.599408545625927,52.79721173749695
16.61370756020214,52.806442177843
16.628012839910614,52.81567538804041
16.64232438859484,52.824911368628776
16.65664221010103,52.834150120149296
16.670966308278096,52.84339164314476
16.685296686977686,52.85263593815958
16.699633350054135,52.8618830057397
16.713976301364536,52.8711328464327
16.728325544768694,52.88038546078776
16.74268108412913,52.88964084935561
16.757042923311122,52.89889901268858
16.771411066182647,52.90815995134059
16.785785516614457,52.91742366586715
16.80016627848001,52.92669015682531
16.814553355655526,52.93595942477373
16.828946752019963,52.94523147027264
16.84334647145502,52.954506293883824
16.857752517845164,52.96378389617067
16.8721648950776,52.9730642776981
16.88658360704229,52.98234743903264
16.901008657631962,52.99163338074234
16.915440050742106,53.00092210339686
16.92987779027096,53.01021360756738
16.94432188011955,53.01950789382666
16.958772324191667,53.028804962749035
16.97322912639386,53.03810481491035
16.98769229063547,53.04740745088803
17.00216182082861,53.05671287126108
17.016637720888177,53.06602107661
17.03111999473185,53.0753320675169
17.045608646280094,53.08464584456538
17.06010367945616,53.0939624083406
17.074605098186098,53.1032817594293
17.089112906398757,53.11260389841973
17.103627108025776,53.12192882590168
17.118147707001597,53.13125654246649
17.13267470726346,53.140587048707005
17.147208112751425,53.149920345217645
17.16174792740835,53.15925643259435
17.17629415517991,53.16859531143458
17.190846800014604,53.17793698233735
17.205405865863725,53.18728144590315
17.21997135668141,53.19662870273405
17.23454327642461,53.20597875343364
17.24912162905311,53.21533159860701
17.263706418529505,53.224687238860746
17.278297648819244,53.234045674803006
17.2928953238906,53.24340690704344
17.307499447714687,53.25277093619322
17.322110024265466,53.26213776286504
17.336727057519717,53.271507387673054
17.35135055145711,53.28087981123302
17.365980510060112,53.29025503416211
17.380616937314088,53.29963305707906
17.395259837207234,53.309013880604105
17.40990921373061,53.31839750535897
17.42456507087814,53.327783931966884
17.4392274126466,53.33717316105259
17.45389624303565,53.34656519324232
17.468571566047807,53.35596002916379
17.48325338568846,53.36535766944623
17.497941705965882,53.37475811472037
17.512636530891214,53.38416136561841
17.527337864478493,53.39356742277406
17.542045710744617,53.40297628682249
17.556760073709402,53.41238795840043
17.571480957395526,53.42180243814601
17.586208365828575,53.43121972669889
17.600942303037016,53.4406398247002
17.615682773052235,53.45006273279257
17.63042977990851,53.45948845162008
17.645183327643014,53.468916981828315
17.65994342029585,53.47834832406434
17.674710061909995,53.48778247897665
17.689483256531382,53.497219447215265
17.70426300820882,53.50665922943165
17.71904932099407,53.51610182627876
17.733842198941808,53.52554723841101
17.748641646109604,53.53499546648426
17.763447666557997,53.544446511155876
17.778260264350436,53.55390037308467
17.793079443553307,53.56335705293092
17.807905208235926,53.57281655135635
17.822737562470568,53.58227886902417
17.837576510332422,53.591744006599036
17.852422055899652,53.60121196474707
17.867274203253352,53.610682744135836
17.882132956477566,53.62015634543435
17.896998319659307,53.62963276931311
17.911870296888527,53.63911201644404
17.92674889225815,53.648594087500506
17.941634109864065,53.65807898315736
17.95652595380512,53.66756670409087
17.971424428183138,53.67705725097878
17.986329537102904,53.68655062450023
18.001241284672187,53.69604682533583
18.016159675001727,53.70554585416764
18.031084712205267,53.715047711679176
18.0460164003995,53.72455239855535
18.060954743704123,53.73405991548254
18.075899746241834,53.743570263148555
18.090851412138303,53.75308344224264
18.10580974552221,53.76259945345546
18.12077475052522,53.77211829747914
18.13574643128203,53.78163997500722
18.150724791930298,53.79116448673465
18.16570983661073,53.80069183335786
18.18070156946702,53.81022201557465
18.195699994645874,53.81975503408429
18.210705116297042,53.82929088958745
18.22571693857325,53.838829582786204
18.240735465630287,53.84837111438409
18.255760701626947,53.85791548508606
18.27079265072507,53.86746269559848
18.2858313170895,53.877012746629106
18.300876704888136,53.88656563888714
18.315928818291923,53.896121373083204
18.330987661474822,53.9056799499293
18.34605323861386,53.91524137013888
18.361125553889092,53.924805634426775
18.376204611483644,53.934372743509265
18.39129041558368,53.94394269810401
18.406382970378427,53.953515498930095
18.42148228006017,53.96309114670798
18.43658834882426,53.97266964215957
18.451701180869097,53.982250986008154
18.466820780396173,53.991835178978434
18.481947151610044,54.0014222217965
18.49708029871832,54.01101211518985
18.51222022593172,54.02060485988738
18.52736693746402,54.03020045661937
18.542520437532087,54.03979890611752
18.55768073035589,54.04940020911493
18.57284782015846,54.05900436634606
18.588021711165943,54.0686113785468
18.60320240760757,54.078221246454405
18.61838991371567,54.08783397080754
18.63358423372569,54.09744955234625
18.648785371876155,54.10706799181196
18.663993332408733,54.116689289947516
18.679208119568166,54.126313447497104
18.69442973760234,54.135940465206325
18.709658190762244,54.145570343822165
18.724893483301997,54.15520308409299
18.740135619478828,54.16483868676853
18.755384603553107,54.17447715259992
18.77064043978833,54.18411848233966
18.785903132451114,54.19376267674162
18.801172685811228,54.20340973656107
18.81644910414158,54.21305966255465
18.831732391718212,54.22271245548037
18.847022552820317,54.232368116097604
18.86231959173022,54.242026645167094
18.877623512733425,54.25168804345099
18.892934320118577,54.26135231171279
18.90825201817749,54.27101945071737
18.923576611205114,54.280689461230956
18.93890810349959,54.29036234402115
18.954246499362203,54.30003809985693
18.969591803097437,54.30971672950864
18.98494401901293,54.319398233747975
19.00030315141949,54.32908261334799
19.01566920463113,54.33876986908313
19.031042182965024,54.34846000172916
19.046422090741547,54.35815301206325
19.061808932284247,54.36784890086388
19.07720271191989,54.37754766891096
19.092603433978415,54.387249316985674
19.108011102792965,54.39695384587061
19.123425722699896,54.406661256349715
19.13884729803875,54.41637154920825
19.154275833152305,54.42608472523287
19.169711332386523,54.43580078521157
19.1851538000906,54.44551972993369
19.200603240616935,54.455241560189926
19.216059658321168,54.46496627677232
19.23152305756214,54.47469388047426
19.246993442701942,54.484424372090494
19.262470818105886,54.494157752417095
19.277955188142503,54.503894022251494
19.293446557183604,54.51363318239249
19.30894492960418,54.52337523364016
19.324450309782524,54.53312017679598
19.33996270210013,54.54286801266276
19.35548211094178,54.55261874204462
19.37100854069548,54.56237236574706
19.386541995752506,54.572128884576884
19.402082480507403,54.58188829934227
19.41762999935795,54.59165061085268
19.433184556705225,54.60141581991897
19.448746156953554,54.611183927353295
19.464314804510543,54.62095493396915
19.479890503787082,54.630728840581384
19.495473259197315,54.640505648006126
19.511063075158706,54.65028535706091
19.526659956091972,54.66006796856454
19.54226390642113,54.669853483337164
19.557874930573494,54.67964190220028
19.57349303297967,54.6894332259767
19.589118218073565,54.69922745549055
19.604750490292375,54.7090245915673
19.620389854076617,54.71882463503373
19.636036313870115,54.72862758671796
19.65168987412,54.73843344744943
19.667350539276708,54.748242218058884
19.683018313794015,54.75805389937842
19.69869320212901,54.76786849224143
19.714375208742094,54.777685997482635
19.730064338097023,54.78750641593808
19.745760594660855,54.79732974844513
19.761463982904,54.80715599584245
19.777174507300202,54.816985158970034
19.792892172326553,54.8268172386692
19.808616982463473,54.83665223578256
19.824348942194746,54.84649015115404
19.840088056007502,54.85633098562892
19.85583432839222,54.86617474005375
19.87158776384275,54.87602141527641
19.887348366856294,54.88587101214609
19.903116141933417,54.89572353151326
19.918891093578047,54.905578974229755
19.934673226297505,54.91543734114868
19.950462544602473,54.92529863312446
19.966259053006993,54.93516285101283
19.982062756028526,54.94502999567081
19.99787365818788,54.95490006795674
20.013691764009284,54.96477306873029
20.029517078020334,54.9746489988524
20.045349604752026,54.98452785918531
20.061189348738758,54.99440965059259
20.077036314518327,55.00429437393908
20.09289050663195,55.01418203009098
20.108751929624226,55.024072619915714
20.12462058804317,55.033966144282026
20.140496486440227,55.04386260406
20.156379629370257,55.053762000121
20.17227002139153,55.06366433333765
20.188167667065738,55.0735696045839
20.20407257095803,55.08347781473502
20.219984737636953,55.093388964667525
20.235904171674512,55.103303055259275
20.251830877646135,55.11322008738938
20.26776486013071,55.12314006193827
20.283706123710544,55.13306297978765
20.299654672971407,55.14298884182052
20.315610512502538,55.15291764892119
20.331573646896594,55.16284940197523
20.347544080749728,55.17278410186953
20.36352181866153,55.18272174949225
20.37950686523507,55.19266234573285
20.395499225076872,55.20260589148206
20.411498902796954,55.21255238763191
20.42750590300879,55.22250183507572
20.443520230329337,55.232454234708065
20.45954188937905,55.24240958742485
20.475570884781852,55.252367894123246
20.49160722116517,55.26232915570169
20.507650903159906,55.27229337305992
20.523701935400474,55.28226054709895
20.53976032252479,55.29223067872109
20.555826069174255,55.302203768829905
20.571899179993803,55.31217981833027
20.587979659631856,55.32215882812832
20.604067512740365,55.33214079913147
20.62016274397478,55.34212573224842
20.636265357994095,55.35211362838914
20.65237535946081,55.36210448846488
20.668492753040955,55.37209831338817
20.68461754340411,55.38209510407283
20.700749735223354,55.39209486143391
20.71688933317535,55.4020975863878
20.73303634194026,55.412103279852104
20.749190766201817,55.42211194274573
20.765352610647287,55.432123575988854
20.78152187996751,55.44213818050293
20.797698578856856,55.452155757210676
20.81388271201327,55.46217630703608
20.830074284138256,55.47219983090441
20.84627329993688,55.48222632974218
20.862479764117786,55.49225580447721
20.87869368139318,55.50228825603856
20.894915056478858,55.51232368535657
20.911143894094185,55.522362093362844
20.92738019896212,55.532403480990276
20.943623975809206,55.542447849173
20.95987522936557,55.552495198846415
20.976133964364937,55.5625455309472
20.992400185544632,55.572598846413285
21.00867389764559,55.58265514618388
21.024955105412328,55.592714431199454
21.041243813592992,55.602776702401734
21.057540026939343,55.61284196073372
21.073843750206734,55.62291020713965
21.09015498815416,55.632981442565054
21.10647374554422,55.6430556679567
21.122800027143175,55.65313288426266
21.139133837720866,55.6632130924322
21.155475182050804,55.67329629341589
21.17182406491012,55.68338248816554
21.188180491079596,55.69347167763424
21.20454446534366,55.703563862776335
21.22091599249038,55.71365904454743
21.237295077311476,55.723757223904336
21.25368172460232,55.73385840180518
21.270075939161956,55.74396257920934
21.286477725793084,55.75406975707744
21.302887089302057,55.76417993637133
21.319304034498924,55.77429311805416
21.335728566197375,55.78440930309031
21.352160689214816,55.79452849244544
21.368600408372302,55.80465068708643
21.385047728494584,55.81477588798143
21.401502654410088,55.82490409609983
21.417965190950948,55.83503531241227
21.434435342952998,55.84516953789069
21.450913115255748,55.855306773508225
21.46739851270243,55.86544702023928
21.483891540139968,55.875590279059516
21.500392202419004,55.88573655094582
21.516900504393885,55.89588583687636
21.5334164509227,55.90603813783056
21.549940046867228,55.91619345478906
21.566471297092978,55.92635178873374
21.583010206469208,55.93651314064778
21.599556779868887,55.946677511515574
21.616111022168724,55.95684490232274
21.63267293824916,55.967015314056184
21.64924253299441,55.97718874770405
21.665819811292394,55.9873652042557
21.682404778034805,55.99754468470178
21.69899743811709,56.00772719003415
21.715597796438445,56.017912721245935
21.73220585790184,56.0281012793315
21.74882162741399,56.038292865286444
21.7654451098854,56.0484874801076
21.782076310230327,56.05868512479307
21.798715233366824,56.0688858003422
21.815361884216717,56.079089507755555
21.832016267705598,56.08929624803493
21.848678388762877,56.099506022183405
21.865348252321727,56.10971883120527
21.88202586331914,56.119934676106084
21.898711226695884,56.130153557892605
21.915404347396553,56.14037547757286
21.93210523036952,56.150600436156104
21.948813880566988,56.16082843465285
21.965530302944977,56.17105947407482
21.982254502463302,56.181293555435005
21.99898648408562,56.19153067974761
22.0157262527794,56.20177084802809
22.032473813515946,56.21201406129312
22.04922917127039,56.22226032056064
22.065992331021707,56.23250962684981
22.082763297752713,56.24276198118104
22.099542076450064,56.25301738457597
22.11632867210425,56.26327583805744
22.133123089709628,56.27353734264957
22.149925334264417,56.283801899377714
22.166735410770677,56.29406950926844
22.183553324234335,56.30434017334956
22.200379079665208,56.31461389265012
22.21721268207694,56.324890668200396
22.234054136487092,56.335170501031904
22.25090344791707,56.34545339217738
22.267760621392192,56.35573934267082
22.28462566194163,56.366028353547414
22.301498574598476,56.37632042584362
22.318379364399686,56.38661556059711
22.335268036386132,56.39691375884677
22.352164595602595,56.40721502163277
22.369069047097742,56.417519349996475
22.385981395924166,56.42782674498048
22.402901647138346,56.4381372076286
22.419829805800706,56.44845073898591
22.436765876975578,56.45876734009872
22.453709865731213,56.46908701201452
22.470661777139814,56.47940975578208
22.48762161627748,56.489735572451366
22.504589388224275,56.50006446307359
22.52156509806419,56.5103964287012
22.538548750885163,56.520731470387844
22.555540351779076,56.53106958918843
22.572539905841765,56.54141078615906
22.589547418173034,56.55175506235711
22.606562893876617,56.562102418841135
22.623586338060246,56.57245285667095
22.6406177558356,56.58280637690759
22.65765715231832,56.593162980613286
22.674704532628034,56.60352266885153
22.69175990188836,56.61388544268704
22.70882326522688,56.624251303185744
22.725894627775183,56.63462025141483
22.742973994668837,56.644992288442666
22.760061371047385,56.655367415338844
22.77715676205441,56.66574563317423
22.79426017283746,56.676126943020876
22.811371608548118,56.686511345952056
22.82849107434195,56.69689884304229
22.845618575378566,56.707289435367315
22.862754116821584,56.717683124004104
22.879897703838633,56.72807991003083
22.897049341601374,56.738479794526874
22.914209035285502,56.74888277857289
22.931376790070747,56.759288863250724
22.94855261114087,56.76969804964344
22.96573650368368,56.78011033883535
22.982928472891047,56.79052573191197
23.00012852395886,56.800944229960045
23.017336662087093,56.81136583406754
23.03455289247975,56.82179054532363
23.051777220344928,56.832218364818736
23.069009650894763,56.84264929364449
23.086250189345478,56.85308333289373
23.103498840917375,56.86352048366056
23.120755610834806,56.873960747040236
23.138020504326242,56.88440412412929
23.15529352662421,56.89485061602545
23.172574682965358,56.90530022382769
23.189863978590406,56.915752948636175
23.207161418744175,56.926208791552305
23.22446700867559,56.936667753678684
23.24178075363769,56.94712983611916
23.259102658887628,56.957595039978784
23.276432729686658,56.96806336636384
23.293770971300162,56.978534816381824
23.311117388997637,56.98900939114144
23.32847198805273,56.999487091752634
23.34583477374319,57.009967919326556
23.363205751350915,57.02045187497558
23.38058492616196,57.0309389598133
23.39797230346648,57.041429174954516
23.41536788855883,57.05192252151527
23.432771686737468,57.0624190006128
23.450183703305047,57.072918613365566
23.46760394356836,57.083421360893276
23.48503241283837,57.09392724431681
23.502469116430202,57.104436264758284
23.51991405966316,57.11494842334104
23.53736724786073,57.12546372118963
23.554828686350557,57.13598215942984
23.572298380464506,57.14650373918865
23.5897763355386,57.15702846159427
23.60726255691307,57.16755632777614
23.624757049932338,57.17808733886488
23.64225981994504,57.18862149599236
23.65977087230399,57.199158800291634
23.677290212366245,57.209699252897025
23.694817845493063,57.220242854944026
23.712353777049906,57.230789607569356
23.72989801240648,57.24133951191097
23.74745055693671,57.25189256910803
23.765011416018748,57.26244878030091
23.782580595034982,57.27300814663119
23.80015809937205,57.2835706692417
23.817743934420825,57.29413634927646
23.83533810557641,57.304705187880685
23.852940618238204,57.31527718620087
23.870551477809812,57.32585234538467
23.88817068969913,57.33643066658096
23.905798259318324,57.347012150939875
23.9234341920838,57.35759679961271
23.941078493416263,57.36818461375201
23.958731168740677,57.378775594511524
23.976392223486307,57.389369743046224
23.994061663086683,57.39996706051229
24.01173949297965,57.410567548067135
24.029425718607325,57.421171206869374
24.047120345416126,57.43177803807882
24.064823378856783,57.442388042856514
24.08253482438433,57.45300122236473
24.100254687458108,57.46361757776695
24.117982973541782,57.47423711022785
24.135719688103343,57.48485982091336
24.153464836615075,57.49548571099058
24.171218424553626,57.50611478162786
24.188980457399957,57.51674703399474
24.206750940639367,57.52738246926199
24.224529879761505,57.53802108860159
24.242317280260362,57.54866289318675
24.26011314763429,57.55930788419189
24.277917487385956,57.5699560627926
24.29573030502244,57.580607430165756
24.313551606055157,57.59126198748942
24.331381395999884,57.60191973594285
24.34921968037679,57.61258067670655
24.367066464710387,57.6232448109622
24.38492175452961,57.633912139892736
24.402785555367743,57.64458266468228
24.42065787276249,57.65525638651621
24.43853871225591,57.665933306581046
24.4564280793945,57.67661342606459
24.474325979729134,57.68729674615583
24.4922324188151,57.697983268044986
24.51014740221211,57.708672992923475
24.52807093548426,57.719365921983936
24.546003024200104,57.73006205642022
24.56394367393259,57.74076139742741
24.581892890259105,57.751463946201774
24.59985067876148,57.76216970394081
24.617817045025966,57.772878671843245
24.635791994643267,57.783590851109
24.653775533208528,57.79430624293922
24.671767666321347,57.80502484853627
24.689768399585784,57.81574666910373
24.70777773861035,57.82647170584641
24.72579568900803,57.837199959970285
24.74382225639625,57.84793143268258
24.76185744639695,57.85866612519175
24.77990126463651,57.86940403870744
24.797953716745816,57.8801451744405
24.816014808360237,57.89088953360305
24.834084545119627,57.90163711740837
24.85216293266833,57.91238792707098
24.870249976655213,57.92314196380663
24.888345682733622,57.93389922883224
24.90645005656142,57.94465972336598
24.924563103800995,57.95542344862724
24.942684830119227,57.966190405836606
24.960815241187543,57.97696059621589
24.978954342681885,57.98773402098812
24.99710214028274,57.99851068137755
25.01525863967511,58.00929057860964
25.033423846548544,58.020073713911046
25.051597766597165,58.0308600885097
25.06978040551959,58.041649703634675
25.087971769019042,58.052442560516326
25.10617186280327,58.06323866038618
25.1243806925846,58.074038004477
25.142598264079925,58.08484059402277
25.160824583010708,58.09564643025868
25.179059655102996,58.10645551442115
25.197303486087396,58.11726784774779
25.215556081699123,58.128083431477464
25.233817447677975,58.13890226685022
25.25208758976835,58.149724355107345
25.270366513719235,58.16054969749135
25.28865422528423,58.17137829524593
25.30695073022154,58.18221014961603
25.325256034293986,58.1930452618478
25.343570143269012,58.20388363318862
25.36189306291867,58.214725264887065
25.380224799019658,58.225570158192944
25.398565357353288,58.23641831435729
25.41691474370552,58.24726973463233
25.435272963866954,58.25812442027154
25.45364002363283,58.26898237252959
25.47201592880305,58.27984359266239
25.490400685182156,58.29070808192704
25.50879429857937,58.3015758415819
25.527196774808555,58.31244687288651
25.545608119688254,58.32332117710165
25.5640283390417,58.33419875548932
25.58245743869678,58.34507960931274
25.600895424486072,58.35596373983633
25.619342302246835,58.36685114832573
25.63779807782105,58.377741836047846
25.656262757055362,58.38863580427077
25.674736345801136,58.399533054263806
25.693218849914434,58.41043358729749
25.711710275256028,58.421337404643566
25.73021062769142,58.43224450757503
25.74871991309083,58.44315489736608
25.767238137329194,58.454068575292126
25.78576530628618,58.46498554262981
25.804301425846198,58.475905800657
25.82284650189839,58.486829350652776
25.84140054033665,58.49775619389744
25.85996354705962,58.50868633167252
25.878535527970694,58.51961976526077
25.89711648897802,58.53055649594616
25.915706435994515,58.54149652501386
25.934305374937864,58.55243985375031
25.952913311730523,58.56338648344314
25.971530252299733,58.57433641538121
25.990156202577513,58.58528965085461
26.008791168500668,58.59624619115465
26.027435156010796,58.607206037573846
26.046088171054294,58.618169191405975
26.06475021958237,58.629135653946015
26.083421307551003,58.64010542649013
26.102101440921047,58.651078510335815
26.120790625658106,58.66205490678166
26.139488867732638,58.67303461712757
26.158196173119936,58.68401764267464
26.176912547800097,58.69500398472518
26.19563799775808,58.70599364458277
26.214372528983667,58.71698662355217
26.233116147471502,58.7279829229394
26.251868859221055,58.73898254405166
26.270630670236674,58.74998548819742
26.289401586527557,58.76099175668635
26.308181614107763,58.77200135082936
26.326970758996243,58.783014271938605
26.345769027216793,58.79403052132742
26.36457642479811,58.8050501003104
26.38339295777375,58.816073010203354
26.402218632182198,58.827099252323336
26.421053454066804,58.8381288279886
26.439897429475828,58.84916173851866
26.45875056446243,58.86019798523423
26.477612865084673,58.87123756945726
26.49648433740555,58.88228049251093
26.515364987492966,58.89332675571968
26.534254821419747,58.90437636040912
26.55315384526366,58.915429307906145
26.572062065107385,58.92648559953884
26.59097948703856,58.93754523663654
26.609906117149745,58.94860822052978
26.62884196153847,58.95967455255036
26.647787026307213,58.97074423403132
26.66674131756343,58.98181726630692
26.685704841419486,58.992893650712595
26.704677603992767,59.00397338858509
26.723659611405626,59.015056481262356
26.74265086978537,59.02614293008356
26.76165138526431,59.037232736389115
26.78066116397974,59.048325901520656
26.799680212073948,59.05942242682106
26.818708535694224,59.07052231363443
26.837746140992852,59.08162556330611
26.85679303412714,59.09273217718267
26.875849221259394,59.10384215661192
26.89491470855696,59.1149555029429
26.913989502192187,59.12607221752588
26.933073608342465,59.13719230171237
26.952167033190207,59.148315756855105
26.971269782922885,59.15944258430808
26.990381863732996,59.170572785426494
27.009503281818102,59.1817063615668
27.02863404338081,59.192843314086694
27.047774154628794,59.2039836443451
27.06692362177478,59.21512735370215
27.08608245103657,59.22627444351926
27.105250648637067,59.23742491515906
27.124428220804198,59.2485787699854
27.14361517377103,59.25973600936341
27.16281151377569,59.270896634659415
27.18201724706142,59.28206064724102
27.201232379876547,59.293228048477026
27.220456918474497,59.304398839737495
27.239690869113836,59.31557302239372
27.258934238058217,59.32675059781825
27.278187031576426,59.33793156738484
27.297449255942393,59.349115932468536
27.31672091743514,59.36030369444557
27.336002022338878,59.371494854693466
27.355292576942908,59.38268941459094
27.374592587541716,59.39388737551799
27.393902060434915,59.40508873885582
27.413221001927294,59.4162935059869
27.432549418328804,59.42750167829493
27.451887315954536,59.438713257164856
27.471234701124807,59.44992824398289
27.49059158016506,59.461146640136434
27.509957959405963,59.47236844701419
27.52933384518333,59.48359366600605
27.548719243838224,59.494822298503216
27.568114161716842,59.50605434589805
27.587518605170647,59.517289809584234
27.606932580556286,59.52852869095667
27.62635609423562,59.5397709914115
27.64578915257573,59.551016712346104
27.66523176194893,59.562265855159126
27.684683928732763,59.57351842125045
27.70414565931,59.5847744120212
27.723616960068668,59.59603382887374
27.74309783740203,59.60729667321171
27.7625882977086,59.618562946439965
27.782088347392172,59.629832649964634
27.801597992861772,59.64110578519308
27.821117240531724,59.65238235353393
27.840646096821594,59.66366235639703
27.86018456815626,59.67494579519352
27.87973266096587,59.68623267133575
27.899290381685848,59.69752298623733
27.91885773675693,59.70881674131312
27.938434732625154,59.72011393797925
27.958021375741865,59.73141457765309
27.9776176725637,59.74271866175325
27.997223629552643,59.75402619169961
28.016839253175966,59.765337168913284
28.036464549906295,59.776651594816656
28.056099526221598,59.78796947083337
28.075744188605135,59.79929079838828
28.09539854354556,59.810615578907544
28.115062597536845,59.82194381381854
28.13473635707833,59.83327550454994
28.154419828674712,59.8446106525316
28.174113018836056,59.85594925919473
28.193815934077797,59.86729132597171
28.21352858092074,59.87863685429622
28.233250965891088,59.889985845603185
28.252983095520406,59.90133830132877
28.27272497634568,59.912694222910446
28.292476614909273,59.92405361178688
28.312238017758958,59.935416469398035
28.332009191447934,59.94678279718514
28.351790142534778,59.95815259659065
28.371580877583536,59.969525869058316
28.39138140316364,59.98090261603312
28.411191725849967,59.992282838961316
28.431011852222838,60.00366653929042
28.450841788867997,60.01505371846919
28.470681542376653,60.02644437794767
28.490531119345466,60.03783851917715
28.510390526376572,60.04923614361022
28.530259770077524,60.06063725270067
28.550138857061402,60.072041847903606
28.570027793946707,60.08344993067536
28.589926587357475,60.094861502473556
28.609835243923182,60.10627656475707
28.629753770278832,60.117695118986035
28.649682173064907,60.12911716662186
28.669620458927394,60.14054270912721
28.689568634517798,60.15197174796603
28.709526706493136,60.16340428460353
28.729494681515945,60.17484032050618
28.749472566254283,60.186279857141706
28.769460367381747,60.19772289597912
28.789458091577472,60.20916943848869
28.80946574552613,60.22061948614198
28.829483335917953,60.232073040411784
28.849510869448697,60.24353010277217
28.869548352819734,60.25499067469852
28.889595792737943,60.26645475766744
28.909653195915816,60.27792235315682
28.92972056907139,60.28939346264582
28.94979791892831,60.30086808761489
28.969885252215814,60.31234622954572
28.989982575668698,60.32382788992129
29.010089896027395,60.33531307022586
29.03020722003792,60.346801771944946
29.05033455445192,60.35829399656536
29.070471906026643,60.36978974557517
29.090619281524962,60.38128902046372
29.1107766877154,60.392791822721655
29.13094413137208,60.40429815384085
29.151121619274786,60.4158080153145
29.17130915820894,60.427321408637034
29.191506754965626,60.438838335304204
29.21171441634157,60.450358796813006
29.231932149139183,60.46188279466173
29.25215996016652,60.47341033034993
29.27239785623733,60.48494140537847
29.292645844171034,60.49647602124944
29.31290393079274,60.50801417946628
29.33317212293326,60.519555881533655
29.353450427429074,60.53110112895752
29.37373885112241,60.54264992324514
29.394037400861166,60.55420226590504
29.414346083498963,60.56575815844699
29.43466490589517,60.57731760238212
29.454993874914855,60.5888805992228
29.475332997428833,60.60044715048268
29.495682280313652,60.61201725767672
29.51604173045162,60.62359092232114
29.53641135473076,60.63516814593345
29.556791160044888,60.64674893003244
29.577181153293576,60.65833327613821
29.597581341382146,60.66992118577213
29.617991731221714,60.68151266045686
29.63841232972916,60.693107701716336
29.658843143827177,60.70470631107582
29.679284180444217,60.7163084900618
29.699735446514545,60.72791424020212
29.720196948978252,60.73952356302588
29.740668694781192,60.75113646006345
29.76115069087508,60.762752932846546
29.781642944217435,60.77437298290814
29.802145461771595,60.785996611782494
29.822658250506734,60.797623821005146
29.84318131739788,60.80925461211297
29.863714669425903,60.82088898664412
29.884258313577515,60.83252694613802
29.904812256845304,60.844168492135424
29.9253765062277,60.85581362617835
29.945951068729023,60.86746234981014
29.966535951359443,60.879114664575376
29.98713116113504,60.89077057202
30.007736705077765,60.90243007369123
30.02835259021547,60.91409317113758
30.04897882358192,60.92575986590885
30.069615412216756,60.937430159556165
30.090262363165554,60.94910405363191
30.1109196834798,60.96078154968982
30.13158738021692,60.97246264928489
30.15226546044024,60.984147353973434
30.172953931219045,60.99583566531305
30.19365279962857,61.00752758486267
30.214362072749967,61.01922311418249
30.23508175767038,61.030922254834024
30.255811861482883,61.042625008380114
30.276552391286558,61.05433137638489
30.297303354186404,61.06604136041375
30.318064757293453,61.07775496203346
30.338836607724684,61.08947218281204
30.3596189126031,61.10119302431887
30.380411679057683,61.11291748812457
30.40121491422341,61.12464557580111
30.422028625241296,61.13637728892178
30.44285281925835,61.14811262906113
30.463687503427614,61.159851597795075
30.484532684908157,61.17159419670079
30.505388370865088,61.1833404273568
30.526254568469557,61.19509029134292
30.54713128489874,61.20684379024026
30.5680185273359,61.21860092563128
30.588916302970347,61.23036169909974
30.609824618997447,61.242126112230686
30.63074348261865,61.253894166610515
30.65167290104147,61.26566586382689
30.672612881479548,61.277441205468875
30.693563431152572,61.289220193126766
30.714524557286357,61.30100282839221
30.735496267112783,61.312789112858155
30.756478567869884,61.32457904811888
30.777471466801796,61.33637263576998
30.79847497115876,61.34816987740837
30.819489088197187,61.35997077463228
30.84051382517958,61.371775329041256
30.861549189374614,61.38358354223617
30.88259518805709,61.39539541581921
30.903651828507993,61.40721095139389
30.924719118014426,61.41903015056504
30.945797063869716,61.430853014938826
30.966885673373316,61.44267954612271
30.987984953830875,61.45450974572551
31.009094912554232,61.46634361535734
31.030215556861428,61.47818115662966
31.051346894076694,61.49002237115526
31.07248893153045,61.50186726054823
31.093641676559365,61.513715826424
31.1148051365063,61.52556807039933
31.13597931872034,61.537423994092315
31.157164230556813,61.54928359912235
31.178359879377286,61.56114688711018
31.199566272549568,61.57301385967789
31.220783417447713,61.584884518448895
31.242011321452043,61.5967588650479
31.263249991949138,61.608636901101
31.284499436331846,61.62051862823557
31.305759661999303,61.63240404808036
31.327030676356898,61.64429316226541
31.348312486816365,61.65618597242215
31.369605100795688,61.6680824801833
31.39090852571916,61.67998268718292
31.412222769017408,61.691886595056445
31.433547838127367,61.7037942054406
31.454883740492257,61.71570551997345
31.476230483561686,61.72762054029443
31.497588074791558,61.7395392680443
31.518956521644125,61.75146170486512
31.54033583158801,61.76338785240036
31.561726012098173,61.77531771229481
31.583127070655944,61.78725128619456
31.604539014749,61.79918857574707
31.62596185187142,61.81112958260113
31.647395589523665,61.823074308406916
31.668840235212556,61.83502275481588
31.69029579645137,61.84697492348091
31.711762280759697,61.858930816056116
31.733239695663613,61.870890434197065
31.754728048695565,61.88285377956062
31.77622734739446,61.894820853805
31.797737599305602,61.90679165858976
31.819258811980724,61.9187661955758
31.840790992978032,61.93074446642541
31.86233414986217,61.94272647280219
31.883888290204222,61.9547122163711
31.905453421581758,61.96670169879846
31.92702955157881,61.97869492175194
31.948616687785844,61.99069188690053
31.970214837799876,62.00269259591462
31.99182400922439,62.01469705046594
32.01344420966932,62.02670525222755
32.03507544675118,62.0387172028739
32.0567177280929,62.05073290408074
32.07837106132403,62.06275235752527
32.10003545408057,62.07477556488597
32.121710914005064,62.086802527842686
32.14339744874662,62.09883324807666
32.16509506596086,62.11086772727046
32.18680377330996,62.122905967108025
32.208523578462675,62.13494796927465
32.23025448909429,62.146993735456995
32.2519965128867,62.15904326734309
32.273749657528334,62.1710965666223
32.29551393071424,62.18315363498539
32.31728934014605,62.195214474124455
32.339075893531984,62.207279085732985
32.36087359858687,62.21934747150581
32.382682463032154,62.23141963313914
32.4045024945959,62.24349557233055
32.4263337010128,62.25557529077898
32.44817609002417,62.26765879018475
32.47002966937798,62.27974607224952
32.49189444682883,62.29183713867637
32.513770430137996,62.303931991169705
32.53565762707338,62.31603063143529
32.55755604540957,62.32813306118031
32.579465692927855,62.3402392821133
32.60138657741615,62.35234929594415
32.62331870666911,62.36446310438415
32.64526208848808,62.37658070914598
32.667216730681055,62.38870211194364
32.68918264106281,62.40082731449253
32.71115982745477,62.41295631850945
32.73314829768514,62.42508912571256
32.755148059588834,62.43722573782141
32.777159121007486,62.449366156556884
32.79918148978952,62.46151038364132
32.82121517379005,62.47365842079837
32.84326018087102,62.48581026975313
32.86531651890106,62.49796593223199
32.88738419575564,62.510125409962804
32.90946321931697,62.52228870467476
32.93155359747407,62.53445581809846
32.95365533812275,62.54662675196589
32.97576844916561,62.55880150801039
32.99789293851208,62.57098008796673
33.02002881407838,62.58316249357104
33.042176083787574,62.59534872656084
33.06433475556954,62.60753878867504
33.086504837361,62.61973268165393
33.10868633710552,62.63193040723921
33.130879262753524,62.644131967173976
33.153083622262294,62.656337363202674
33.17529942359595,62.66854659707118
33.19752667472554,62.68075967052675
33.21976538362893,62.692976585318036
33.24201555829094,62.70519734319511
33.26427720670321,62.71742194590938
33.28655033686436,62.72965039521371
33.308834956779855,62.74188269286232
33.3311310744621,62.754118840610836
33.35343869793045,62.7663588402163
33.37575783521113,62.77860269343713
33.39808849433738,62.79085040203317
33.420430683349316,62.80310196776564
33.44278441029406,62.81535739239718
33.46514968322567,62.82761667769184
33.48752651020515,62.83987982541502
33.509914899300526,62.852146837333585
33.53231485858677,62.864417715215765
33.55472639614587,62.876692460831215
33.577149520066776,62.888971075951
33.59958423844549,62.901253562347584
33.622030559384974,62.91353992179483
33.64448849099525,62.92583015606802
33.66695804139335,62.93812426694384
33.68943921870334,62.9504222562004
33.71193203105635,62.962724125617214
33.7344364865905,62.9750298769752
33.75695259345103,62.98733951205667
33.77948035979022,62.999653032645405
33.802019793767386,63.01197044052653
33.824570903549,63.024291737486664
33.847133697308536,63.03661692531375
33.86970818322663,63.048946005797234
33.89229436949096,63.061278980727906
33.914892264296384,63.073615851898055
33.937501875844795,63.0859566211013
33.96012321234528,63.09830129013277
33.98275628201401,63.110649860788925
34.005401093074305,63.123002334867714
34.02805765375666,63.135358714168476
34.05072597229868,63.147719000491975
34.07340605694515,63.160083195640404
34.096097915948036,63.17245130141736
34.118801557566464,63.18482331962792
34.14151699006674,63.19719925207852
34.16424422172239,63.20957910057707
34.18698326081412,63.22196286693291
34.20973411562983,63.234350552956776
34.232496794464645,63.24674216046084
34.25527130562092,63.25913769125871
34.27805765740823,63.27153714716543
34.3008558581434,63.28394052999748
34.32366591615049,63.29634784157278
34.346487839760805,63.308759083710655
34.36932163731292,63.32117425823188
34.39216731715268,63.33359336695865
34.4150248876332,63.346016411714636
34.43789435711489,63.358443394324915
34.46077573396543,63.370874316615996
34.48366902655981,63.38330918041584
34.50657424328033,63.39574798755386
34.529491392516604,63.40819073986087
34.552420482665575,63.420637439169184
34.57536152213147,63.433088087312484
34.59831451932593,63.44554268612596
34.62127948266788,63.45800123744621
34.64425642058364,63.47046374311131
34.667245341506835,63.482930204960724
34.69024625387852,63.49540062483541
34.71325916614708,63.50787500457776
34.73628408676833,63.52035334603162
34.75932102420543,63.53283565104226
34.782369986928956,63.54532192145642
34.80543098341691,63.55781215912229
34.82850402215472,63.57030636588953
34.85158911163516,63.582804543609186
34.87468626035853,63.595306694133846
34.89779547683252,63.6078128193175
34.920916769572266,63.62032292101557
34.94405014710041,63.63283700108503
34.96719561794697,63.645355061384194
34.9903531906495,63.65787710377289
35.01352287375302,63.670403130112405
35.03670467581001,63.68293314226547
35.0598986053805,63.695467142096305
35.083104671031975,63.70800513147057
35.10632288133944,63.72054711225537
35.129553244885415,63.73309308631929
35.15279577025999,63.74564305553241
35.17605046606073,63.75819702176622
35.199317340892776,63.770754986893714
35.222596403368804,63.78331695278931
35.24588766210908,63.79588292132896
35.269191125741415,63.80845289439003
35.29250680290115,63.821026873851345
35.31583470223129,63.83360486159323
35.339174832382405,63.846186859497514
35.36252720201264,63.858772869447435
35.385891819787766,63.87136289332772
35.409268694381154,63.883956933024585
35.43265783447381,63.8965549904257
35.456059248754386,63.90915706742024
35.47947294591916,63.92176316589883
35.502898934672054,63.93437328775358
35.52633722372463,63.94698743487808
35.54978782179616,63.9596056091674
35.57325073761355,63.972227812518064
35.59672597991141,63.98485404682815
35.620213557432024,63.99748431399713
35.64371347892537,64.01011861592599
35.66722575314914,64.02275695451722
35.69075038886876,64.0353993316748
35.71428739485732,64.04804574930414
35.73783677989571,64.06069620931218
35.76139855277251,64.07335071360737
35.78497272228406,64.08600926409957
35.80855929723447,64.0986718627002
35.83215828643556,64.11133851132212
35.855769698706986,64.12400921187974
35.87939354287618,64.13668396628891
35.90302982777832,64.14936277646699
35.92667856225638,64.16204564433282
35.95033975516118,64.17473257180677
35.974013415351344,64.18742356081069
35.99769955169329,64.20011861326789
36.02139817306129,64.21281773110323
36.04510928833745,64.22552091624306
36.0688329064117,64.23822817061517
36.09256903618186,64.25093949614894
36.11631768655359,64.2636548947752
36.140078866440476,64.27637436842629
36.16385258476385,64.28909791903601
36.18763885045307,64.30182554853974
36.21143767244534,64.31455725887433
36.23524905968577,64.32729305197813
36.259073021127385,64.34003292979102
36.282909565731124,64.35277689425435
36.306758702465864,64.36552494731099
36.33062044030844,64.37827709090534
36.354494788243606,64.39103332698332
36.37838175526407,64.4037936574923
36.40228135037055,64.41655808438125
36.4261935825717,64.4293266096006
36.450118460884156,64.44209923510226
36.47405599433256,64.45487596283975
36.498006191949536,64.46765679476803
36.52196906277574,64.4804417328436
36.54594461585981,64.49323077902449
36.569932860258476,64.50602393527025
36.5939338050364,64.51882120354189
36.617947459266375,64.53162258580204
36.641973832029194,64.54442808401478
36.66601293241375,64.55723770014576
36.69006476951699,64.5700514361621
36.71412935244389,64.5828692940325
36.738206690307585,64.59569127572716
36.762296792229264,64.6085173832178
36.786399667338245,64.62134761847769
36.8105153247719,64.63418198348158
36.834643773675786,64.64702048020584
36.85878502320357,64.65986311062828
36.88293908251704,64.67270987672829
36.907105960786176,64.6855607804868
36.93128566718903,64.69841582388624
36.95547821091191,64.7112750089106
36.979683601149254,64.72413833754541
37.003901847103684,64.73700581177773
37.028132957986,64.74987743359614
37.052376943015204,64.76275320499074
37.07663381141854,64.77563312795326
37.100903572431456,64.7885172044769
37.12518623529762,64.80140543655642
37.14948180926891,64.81429782618811
37.173790303605486,64.82719437536983
37.198111727575736,64.84009508610093
37.222446090456316,64.85299996038239
37.2467934015322,64.86590900021669
37.27115367009654,64.87882220760784
37.29552690545087,64.89173958456144
37.31991311690497,64.9046611330846
37.34431231377696,64.91758685518603
37.368724505393246,64.93051675287596
37.39314970108857,64.94345082816615
37.41758791020601,64.95638908306998
37.442039142097,64.96933151960233
37.4665034061213,64.98227813977967
37.49098071164703,64.99522894562
37.5,65.0
