Designator,Footprint,Quantity,Value,LCSC Part #
"C1, C2, C4",0805,3,100n,
"C3, C5",0805,2,10u,
"Q1, Q2, Q3, Q4",SOT-23,4,AO3400A,
"R1, R11, R13, R15, R17, R19, R21, R23, R25, R27, R29, R3, R31, R33, R34, R35, R36, R37, R5, R7, R9",0805,21,10k,
"R10, R12, R14, R16, R18, R2, R20, R22, R24, R26, R28, R30, R32, R38, R39, R4, R40, R41, R6, R8",0805,20,100,
"R42, R43",0805,2,3.3k,
U1,SSOP-24_5.3x8.2mm_P0.65mm,1,CD74HC4067SM,
"U10, U11, U12, U13, U14, U15, U16, U17, U2, U3, U4, U5, U6, U7, U8, U9",OnSemi_CASE100CY,16,QRE1113GR,
U19,SOT-223-3_TabPin2,1,AMS1117-3.3,
